,0
0,AX-90651771
1,AX-90661468
2,AX-91473635
3,AX-91437247
4,AX-90683564
5,AX-91478408
6,AX-90686193
7,AX-91486584
8,AX-90699092
9,AX-91496372
10,AX-91499987
11,AX-90716538
12,AX-90720927
13,AX-91503572
14,AX-90723501
15,AX-91509560
16,AX-90734927
17,AX-90737503
18,AX-91516095
19,AX-90742387
20,AX-90754776
21,AX-91526692
22,AX-90755544
23,AX-90755951
24,AX-91535338
25,AX-91537883
26,AX-90775920
27,AX-91212043
28,AX-91547708
29,AX-91550719
30,AX-91555713
31,AX-91558764
32,AX-91559390
33,AX-90803727
34,AX-91561087
35,AX-91562545
36,AX-91565331
37,AX-91565658
38,AX-90819779
39,AX-91574826
40,AX-90819282
41,AX-90818316
42,AX-90823680
43,AX-90827964
44,AX-90834556
45,AX-90836963
46,AX-91199406
47,AX-91590575
48,AX-91837315
49,AX-91596563
50,AX-90859936
51,AX-91608062
52,AX-90878356
53,AX-90880217
54,AX-90890697
55,AX-91423206
56,AX-90899796
57,AX-91631750
58,AX-90915583
59,AX-91852846
60,AX-91416089
61,AX-91647232
62,AX-91655453
63,AX-90944177
64,AX-90946111
65,AX-91659808
66,AX-91660547
67,AX-90948606
68,AX-91661683
69,AX-91669642
70,AX-91672822
71,AX-91449660
72,AX-90971134
73,AX-90646418
74,AX-90979150
75,AX-90573689
76,AX-90985941
77,AX-91697465
78,AX-91000536
79,AX-91001015
80,AX-91702672
81,AX-91007825
82,AX-91008790
83,AX-91012926
84,AX-91370635
85,AX-91020308
86,AX-91713006
87,AX-91023144
88,AX-91025016
89,AX-90550673
90,AX-91028521
91,AX-91029419
92,AX-91031881
93,AX-91033202
94,AX-91033696
95,AX-91036126
96,AX-91037108
97,AX-91727809
98,AX-91728464
99,AX-91728796
100,AX-91730605
101,AX-91731646
102,AX-91735369
103,AX-91738242
104,AX-91060832
105,AX-91062799
106,AX-91067471
107,AX-91068720
108,AX-91746759
109,AX-91747142
110,AX-91358217
111,AX-91074949
112,AX-91750683
113,AX-91078544
114,AX-91079480
115,AX-91755029
116,AX-91755377
117,AX-91759201
118,AX-90554503
119,AX-90554874
120,AX-91102990
121,AX-91771082
122,AX-91774441
123,AX-91111530
124,AX-91113558
125,AX-91777545
126,AX-91115204
127,AX-90584503
128,AX-91786109
129,AX-91132005
130,AX-91149526
131,AX-91802659
132,AX-91803254
133,AX-91152351
134,AX-91164575
135,AX-91813114
136,AX-91167167
137,AX-91816245
138,AX-91418634
139,AX-91178070
140,AX-91179364
141,AX-91181284
142,AX-91181801
143,AX-91825385
144,AX-91184753
145,AX-91189897
