,snps,chr,pos,test_loss,TN,FP,TP,FN,mcc,accuracy
0,AX-90651771,1,7416418,0.69305419921875,59.0,0.0,1.0,56.0,tensor(0.0949),0.5172413793103449
7,AX-91486584,1,180290932,0.670070230960846,73.0,2.0,1.0,40.0,tensor(-0.0069),0.6379310344827587
17,AX-90737503,2,27732976,0.6928538680076599,9.0,48.0,50.0,9.0,tensor(0.0074),0.5086206896551724
25,AX-91537883,2,155765154,0.693445086479187,21.0,34.0,36.0,25.0,tensor(-0.0286),0.49137931034482757
26,AX-90775920,2,178006055,0.6958478093147278,27.0,38.0,21.0,30.0,tensor(-0.1716),0.41379310344827586
27,AX-91212043,2,187204398,0.6993309259414673,1.0,58.0,56.0,1.0,tensor(-0.0023),0.49137931034482757
28,AX-91547708,2,211142198,0.6947183012962341,0.0,67.0,48.0,1.0,tensor(-0.1090),0.41379310344827586
29,AX-91550719,2,228072104,0.653031587600708,72.0,6.0,4.0,34.0,tensor(0.0474),0.6551724137931034
32,AX-91559390,3,31588566,0.6902104616165161,1.0,50.0,65.0,0.0,tensor(0.1053),0.5689655172413793
33,AX-90803727,3,37109235,0.6954728960990906,25.0,40.0,30.0,21.0,tensor(-0.0275),0.47413793103448276
37,AX-91565658,3,65424107,0.6899511814117432,73.0,0.0,1.0,42.0,tensor(0.1215),0.6379310344827587
42,AX-90823680,3,115569222,0.6928347945213318,44.0,20.0,18.0,34.0,tensor(0.0357),0.5344827586206896
43,AX-90827964,3,132361905,0.6934501528739929,36.0,30.0,17.0,33.0,tensor(-0.1155),0.45689655172413796
56,AX-90899796,4,171683216,0.6929354071617126,27.0,40.0,33.0,16.0,tensor(0.0782),0.5172413793103449
58,AX-90915583,4,228924458,0.6956946849822998,46.0,8.0,5.0,57.0,tensor(-0.1067),0.4396551724137931
59,AX-91852846,4,243705293,0.6896475553512573,71.0,1.0,1.0,43.0,tensor(0.0329),0.6206896551724138
72,AX-90971134,5,198669573,0.6929361820220947,1.0,51.0,61.0,3.0,tensor(-0.0753),0.5344827586206896
79,AX-91001015,6,97140895,0.647304356098175,75.0,0.0,1.0,40.0,tensor(0.1261),0.6551724137931034
84,AX-91370635,6,165215942,0.6929031014442444,47.0,5.0,12.0,52.0,tensor(0.1285),0.5086206896551724
97,AX-91727809,7,83549562,0.6941583156585693,57.0,5.0,1.0,53.0,tensor(-0.1399),0.5
100,AX-91730605,7,100078345,0.6933287382125854,33.0,23.0,23.0,37.0,tensor(-0.0280),0.4827586206896552
102,AX-91735369,7,126451547,0.6713820099830627,69.0,0.0,1.0,46.0,tensor(0.1130),0.603448275862069
113,AX-91078544,8,39936477,0.6478930711746216,77.0,1.0,0.0,38.0,tensor(-0.0651),0.6637931034482759
117,AX-91759201,8,76069477,0.6902047991752625,6.0,48.0,59.0,3.0,tensor(0.1170),0.5603448275862069
134,AX-91164575,10,29820929,0.6933640837669373,58.0,0.0,1.0,57.0,tensor(0.0933),0.5086206896551724
140,AX-91179364,10,85200346,0.6950723528862,1.0,64.0,51.0,0.0,tensor(0.0826),0.4482758620689655
