,snp1,snp2,snp3,snp4
0,0,0,0,0
1,0,0,0,0
2,0,0,0,0
3,0,0,0,0
4,0,0,0,0
5,0,0,0,0
6,0,0,0,0
7,0,0,0,0
8,0,0,0,0
9,0,0,0,0
10,0,0,0,0
11,0,0,0,0
12,0,0,0,0
13,0,0,0,0
14,0,0,0,0
15,0,0,0,0
16,0,0,0,0
17,0,0,0,0
18,0,0,0,0
19,0,0,0,0
20,0,0,0,0
21,0,0,0,0
22,0,0,0,0
23,0,0,0,0
24,0,0,0,0
25,0,0,0,0
26,0,0,0,0
27,0,0,0,0
28,0,0,0,0
29,0,0,0,0
30,0,0,0,0
31,0,0,0,0
32,0,0,0,0
33,0,0,0,0
34,0,0,0,0
35,0,0,0,0
36,0,0,0,0
37,0,0,0,0
38,0,0,0,0
39,0,0,0,0
40,0,0,0,0
41,0,0,0,0
42,0,0,0,0
43,0,0,0,0
44,0,0,0,0
45,0,0,0,0
46,0,0,0,0
47,0,0,0,0
48,0,0,0,0
49,0,0,0,0
50,0,0,0,2
51,0,0,0,2
52,0,0,0,2
53,0,0,0,2
54,0,0,0,2
55,0,0,0,2
56,0,0,0,2
57,0,0,0,2
58,0,0,0,2
59,0,0,0,2
60,0,0,0,2
61,0,0,0,2
62,0,0,0,2
63,0,0,0,2
64,0,0,0,2
65,0,0,0,2
66,0,0,0,2
67,0,0,0,2
68,0,0,0,2
69,0,0,0,2
70,0,0,0,2
71,0,0,0,2
72,0,0,0,2
73,0,0,0,2
74,0,0,0,2
75,0,0,0,2
76,0,0,0,2
77,0,0,0,2
78,0,0,0,2
79,0,0,0,2
80,0,0,0,2
81,0,0,0,2
82,0,0,0,2
83,0,0,0,2
84,0,0,0,2
85,0,0,0,2
86,0,0,0,2
87,0,0,0,2
88,0,0,0,2
89,0,0,0,2
90,0,0,0,2
91,0,0,0,2
92,0,0,0,2
93,0,0,0,2
94,0,0,0,2
95,0,0,0,2
96,0,0,0,2
97,0,0,0,2
98,0,0,0,2
99,0,0,0,2
100,0,0,2,0
101,0,0,2,0
102,0,0,2,0
103,0,0,2,0
104,0,0,2,0
105,0,0,2,0
106,0,0,2,0
107,0,0,2,0
108,0,0,2,0
109,0,0,2,0
110,0,0,2,0
111,0,0,2,0
112,0,0,2,0
113,0,0,2,0
114,0,0,2,0
115,0,0,2,0
116,0,0,2,0
117,0,0,2,0
118,0,0,2,0
119,0,0,2,0
120,0,0,2,0
121,0,0,2,0
122,0,0,2,0
123,0,0,2,0
124,0,0,2,0
125,0,0,2,0
126,0,0,2,0
127,0,0,2,0
128,0,0,2,0
129,0,0,2,0
130,0,0,2,0
131,0,0,2,0
132,0,0,2,0
133,0,0,2,0
134,0,0,2,0
135,0,0,2,0
136,0,0,2,0
137,0,0,2,0
138,0,0,2,0
139,0,0,2,0
140,0,0,2,0
141,0,0,2,0
142,0,0,2,0
143,0,0,2,0
144,0,0,2,0
145,0,0,2,0
146,0,0,2,0
147,0,0,2,0
148,0,0,2,0
149,0,0,2,0
150,0,0,2,2
151,0,0,2,2
152,0,0,2,2
153,0,0,2,2
154,0,0,2,2
155,0,0,2,2
156,0,0,2,2
157,0,0,2,2
158,0,0,2,2
159,0,0,2,2
160,0,0,2,2
161,0,0,2,2
162,0,0,2,2
163,0,0,2,2
164,0,0,2,2
165,0,0,2,2
166,0,0,2,2
167,0,0,2,2
168,0,0,2,2
169,0,0,2,2
170,0,0,2,2
171,0,0,2,2
172,0,0,2,2
173,0,0,2,2
174,0,0,2,2
175,0,0,2,2
176,0,0,2,2
177,0,0,2,2
178,0,0,2,2
179,0,0,2,2
180,0,0,2,2
181,0,0,2,2
182,0,0,2,2
183,0,0,2,2
184,0,0,2,2
185,0,0,2,2
186,0,0,2,2
187,0,0,2,2
188,0,0,2,2
189,0,0,2,2
190,0,0,2,2
191,0,0,2,2
192,0,0,2,2
193,0,0,2,2
194,0,0,2,2
195,0,0,2,2
196,0,0,2,2
197,0,0,2,2
198,0,0,2,2
199,0,0,2,2
200,0,1,0,0
201,0,1,0,0
202,0,1,0,0
203,0,1,0,0
204,0,1,0,0
205,0,1,0,0
206,0,1,0,0
207,0,1,0,0
208,0,1,0,0
209,0,1,0,0
210,0,1,0,0
211,0,1,0,0
212,0,1,0,0
213,0,1,0,0
214,0,1,0,0
215,0,1,0,0
216,0,1,0,0
217,0,1,0,0
218,0,1,0,0
219,0,1,0,0
220,0,1,0,0
221,0,1,0,0
222,0,1,0,0
223,0,1,0,0
224,0,1,0,0
225,0,1,0,0
226,0,1,0,0
227,0,1,0,0
228,0,1,0,0
229,0,1,0,0
230,0,1,0,0
231,0,1,0,0
232,0,1,0,0
233,0,1,0,0
234,0,1,0,0
235,0,1,0,0
236,0,1,0,0
237,0,1,0,0
238,0,1,0,0
239,0,1,0,0
240,0,1,0,0
241,0,1,0,0
242,0,1,0,0
243,0,1,0,0
244,0,1,0,0
245,0,1,0,0
246,0,1,0,0
247,0,1,0,0
248,0,1,0,0
249,0,1,0,0
250,0,1,0,2
251,0,1,0,2
252,0,1,0,2
253,0,1,0,2
254,0,1,0,2
255,0,1,0,2
256,0,1,0,2
257,0,1,0,2
258,0,1,0,2
259,0,1,0,2
260,0,1,0,2
261,0,1,0,2
262,0,1,0,2
263,0,1,0,2
264,0,1,0,2
265,0,1,0,2
266,0,1,0,2
267,0,1,0,2
268,0,1,0,2
269,0,1,0,2
270,0,1,0,2
271,0,1,0,2
272,0,1,0,2
273,0,1,0,2
274,0,1,0,2
275,0,1,0,2
276,0,1,0,2
277,0,1,0,2
278,0,1,0,2
279,0,1,0,2
280,0,1,0,2
281,0,1,0,2
282,0,1,0,2
283,0,1,0,2
284,0,1,0,2
285,0,1,0,2
286,0,1,0,2
287,0,1,0,2
288,0,1,0,2
289,0,1,0,2
290,0,1,0,2
291,0,1,0,2
292,0,1,0,2
293,0,1,0,2
294,0,1,0,2
295,0,1,0,2
296,0,1,0,2
297,0,1,0,2
298,0,1,0,2
299,0,1,0,2
300,0,1,2,0
301,0,1,2,0
302,0,1,2,0
303,0,1,2,0
304,0,1,2,0
305,0,1,2,0
306,0,1,2,0
307,0,1,2,0
308,0,1,2,0
309,0,1,2,0
310,0,1,2,0
311,0,1,2,0
312,0,1,2,0
313,0,1,2,0
314,0,1,2,0
315,0,1,2,0
316,0,1,2,0
317,0,1,2,0
318,0,1,2,0
319,0,1,2,0
320,0,1,2,0
321,0,1,2,0
322,0,1,2,0
323,0,1,2,0
324,0,1,2,0
325,0,1,2,0
326,0,1,2,0
327,0,1,2,0
328,0,1,2,0
329,0,1,2,0
330,0,1,2,0
331,0,1,2,0
332,0,1,2,0
333,0,1,2,0
334,0,1,2,0
335,0,1,2,0
336,0,1,2,0
337,0,1,2,0
338,0,1,2,0
339,0,1,2,0
340,0,1,2,0
341,0,1,2,0
342,0,1,2,0
343,0,1,2,0
344,0,1,2,0
345,0,1,2,0
346,0,1,2,0
347,0,1,2,0
348,0,1,2,0
349,0,1,2,0
350,0,1,2,2
351,0,1,2,2
352,0,1,2,2
353,0,1,2,2
354,0,1,2,2
355,0,1,2,2
356,0,1,2,2
357,0,1,2,2
358,0,1,2,2
359,0,1,2,2
360,0,1,2,2
361,0,1,2,2
362,0,1,2,2
363,0,1,2,2
364,0,1,2,2
365,0,1,2,2
366,0,1,2,2
367,0,1,2,2
368,0,1,2,2
369,0,1,2,2
370,0,1,2,2
371,0,1,2,2
372,0,1,2,2
373,0,1,2,2
374,0,1,2,2
375,0,1,2,2
376,0,1,2,2
377,0,1,2,2
378,0,1,2,2
379,0,1,2,2
380,0,1,2,2
381,0,1,2,2
382,0,1,2,2
383,0,1,2,2
384,0,1,2,2
385,0,1,2,2
386,0,1,2,2
387,0,1,2,2
388,0,1,2,2
389,0,1,2,2
390,0,1,2,2
391,0,1,2,2
392,0,1,2,2
393,0,1,2,2
394,0,1,2,2
395,0,1,2,2
396,0,1,2,2
397,0,1,2,2
398,0,1,2,2
399,0,1,2,2
400,0,2,0,0
401,0,2,0,0
402,0,2,0,0
403,0,2,0,0
404,0,2,0,0
405,0,2,0,0
406,0,2,0,0
407,0,2,0,0
408,0,2,0,0
409,0,2,0,0
410,0,2,0,0
411,0,2,0,0
412,0,2,0,0
413,0,2,0,0
414,0,2,0,0
415,0,2,0,0
416,0,2,0,0
417,0,2,0,0
418,0,2,0,0
419,0,2,0,0
420,0,2,0,0
421,0,2,0,0
422,0,2,0,0
423,0,2,0,0
424,0,2,0,0
425,0,2,0,0
426,0,2,0,0
427,0,2,0,0
428,0,2,0,0
429,0,2,0,0
430,0,2,0,0
431,0,2,0,0
432,0,2,0,0
433,0,2,0,0
434,0,2,0,0
435,0,2,0,0
436,0,2,0,0
437,0,2,0,0
438,0,2,0,0
439,0,2,0,0
440,0,2,0,0
441,0,2,0,0
442,0,2,0,0
443,0,2,0,0
444,0,2,0,0
445,0,2,0,0
446,0,2,0,0
447,0,2,0,0
448,0,2,0,0
449,0,2,0,0
450,0,2,0,2
451,0,2,0,2
452,0,2,0,2
453,0,2,0,2
454,0,2,0,2
455,0,2,0,2
456,0,2,0,2
457,0,2,0,2
458,0,2,0,2
459,0,2,0,2
460,0,2,0,2
461,0,2,0,2
462,0,2,0,2
463,0,2,0,2
464,0,2,0,2
465,0,2,0,2
466,0,2,0,2
467,0,2,0,2
468,0,2,0,2
469,0,2,0,2
470,0,2,0,2
471,0,2,0,2
472,0,2,0,2
473,0,2,0,2
474,0,2,0,2
475,0,2,0,2
476,0,2,0,2
477,0,2,0,2
478,0,2,0,2
479,0,2,0,2
480,0,2,0,2
481,0,2,0,2
482,0,2,0,2
483,0,2,0,2
484,0,2,0,2
485,0,2,0,2
486,0,2,0,2
487,0,2,0,2
488,0,2,0,2
489,0,2,0,2
490,0,2,0,2
491,0,2,0,2
492,0,2,0,2
493,0,2,0,2
494,0,2,0,2
495,0,2,0,2
496,0,2,0,2
497,0,2,0,2
498,0,2,0,2
499,0,2,0,2
500,0,2,2,0
501,0,2,2,0
502,0,2,2,0
503,0,2,2,0
504,0,2,2,0
505,0,2,2,0
506,0,2,2,0
507,0,2,2,0
508,0,2,2,0
509,0,2,2,0
510,0,2,2,0
511,0,2,2,0
512,0,2,2,0
513,0,2,2,0
514,0,2,2,0
515,0,2,2,0
516,0,2,2,0
517,0,2,2,0
518,0,2,2,0
519,0,2,2,0
520,0,2,2,0
521,0,2,2,0
522,0,2,2,0
523,0,2,2,0
524,0,2,2,0
525,0,2,2,0
526,0,2,2,0
527,0,2,2,0
528,0,2,2,0
529,0,2,2,0
530,0,2,2,0
531,0,2,2,0
532,0,2,2,0
533,0,2,2,0
534,0,2,2,0
535,0,2,2,0
536,0,2,2,0
537,0,2,2,0
538,0,2,2,0
539,0,2,2,0
540,0,2,2,0
541,0,2,2,0
542,0,2,2,0
543,0,2,2,0
544,0,2,2,0
545,0,2,2,0
546,0,2,2,0
547,0,2,2,0
548,0,2,2,0
549,0,2,2,0
550,0,2,2,2
551,0,2,2,2
552,0,2,2,2
553,0,2,2,2
554,0,2,2,2
555,0,2,2,2
556,0,2,2,2
557,0,2,2,2
558,0,2,2,2
559,0,2,2,2
560,0,2,2,2
561,0,2,2,2
562,0,2,2,2
563,0,2,2,2
564,0,2,2,2
565,0,2,2,2
566,0,2,2,2
567,0,2,2,2
568,0,2,2,2
569,0,2,2,2
570,0,2,2,2
571,0,2,2,2
572,0,2,2,2
573,0,2,2,2
574,0,2,2,2
575,0,2,2,2
576,0,2,2,2
577,0,2,2,2
578,0,2,2,2
579,0,2,2,2
580,0,2,2,2
581,0,2,2,2
582,0,2,2,2
583,0,2,2,2
584,0,2,2,2
585,0,2,2,2
586,0,2,2,2
587,0,2,2,2
588,0,2,2,2
589,0,2,2,2
590,0,2,2,2
591,0,2,2,2
592,0,2,2,2
593,0,2,2,2
594,0,2,2,2
595,0,2,2,2
596,0,2,2,2
597,0,2,2,2
598,0,2,2,2
599,0,2,2,2
600,1,0,0,0
601,1,0,0,0
602,1,0,0,0
603,1,0,0,0
604,1,0,0,0
605,1,0,0,0
606,1,0,0,0
607,1,0,0,0
608,1,0,0,0
609,1,0,0,0
610,1,0,0,0
611,1,0,0,0
612,1,0,0,0
613,1,0,0,0
614,1,0,0,0
615,1,0,0,0
616,1,0,0,0
617,1,0,0,0
618,1,0,0,0
619,1,0,0,0
620,1,0,0,0
621,1,0,0,0
622,1,0,0,0
623,1,0,0,0
624,1,0,0,0
625,1,0,0,0
626,1,0,0,0
627,1,0,0,0
628,1,0,0,0
629,1,0,0,0
630,1,0,0,0
631,1,0,0,0
632,1,0,0,0
633,1,0,0,0
634,1,0,0,0
635,1,0,0,0
636,1,0,0,0
637,1,0,0,0
638,1,0,0,0
639,1,0,0,0
640,1,0,0,0
641,1,0,0,0
642,1,0,0,0
643,1,0,0,0
644,1,0,0,0
645,1,0,0,0
646,1,0,0,0
647,1,0,0,0
648,1,0,0,0
649,1,0,0,0
650,1,0,0,2
651,1,0,0,2
652,1,0,0,2
653,1,0,0,2
654,1,0,0,2
655,1,0,0,2
656,1,0,0,2
657,1,0,0,2
658,1,0,0,2
659,1,0,0,2
660,1,0,0,2
661,1,0,0,2
662,1,0,0,2
663,1,0,0,2
664,1,0,0,2
665,1,0,0,2
666,1,0,0,2
667,1,0,0,2
668,1,0,0,2
669,1,0,0,2
670,1,0,0,2
671,1,0,0,2
672,1,0,0,2
673,1,0,0,2
674,1,0,0,2
675,1,0,0,2
676,1,0,0,2
677,1,0,0,2
678,1,0,0,2
679,1,0,0,2
680,1,0,0,2
681,1,0,0,2
682,1,0,0,2
683,1,0,0,2
684,1,0,0,2
685,1,0,0,2
686,1,0,0,2
687,1,0,0,2
688,1,0,0,2
689,1,0,0,2
690,1,0,0,2
691,1,0,0,2
692,1,0,0,2
693,1,0,0,2
694,1,0,0,2
695,1,0,0,2
696,1,0,0,2
697,1,0,0,2
698,1,0,0,2
699,1,0,0,2
700,1,0,2,0
701,1,0,2,0
702,1,0,2,0
703,1,0,2,0
704,1,0,2,0
705,1,0,2,0
706,1,0,2,0
707,1,0,2,0
708,1,0,2,0
709,1,0,2,0
710,1,0,2,0
711,1,0,2,0
712,1,0,2,0
713,1,0,2,0
714,1,0,2,0
715,1,0,2,0
716,1,0,2,0
717,1,0,2,0
718,1,0,2,0
719,1,0,2,0
720,1,0,2,0
721,1,0,2,0
722,1,0,2,0
723,1,0,2,0
724,1,0,2,0
725,1,0,2,0
726,1,0,2,0
727,1,0,2,0
728,1,0,2,0
729,1,0,2,0
730,1,0,2,0
731,1,0,2,0
732,1,0,2,0
733,1,0,2,0
734,1,0,2,0
735,1,0,2,0
736,1,0,2,0
737,1,0,2,0
738,1,0,2,0
739,1,0,2,0
740,1,0,2,0
741,1,0,2,0
742,1,0,2,0
743,1,0,2,0
744,1,0,2,0
745,1,0,2,0
746,1,0,2,0
747,1,0,2,0
748,1,0,2,0
749,1,0,2,0
750,1,0,2,2
751,1,0,2,2
752,1,0,2,2
753,1,0,2,2
754,1,0,2,2
755,1,0,2,2
756,1,0,2,2
757,1,0,2,2
758,1,0,2,2
759,1,0,2,2
760,1,0,2,2
761,1,0,2,2
762,1,0,2,2
763,1,0,2,2
764,1,0,2,2
765,1,0,2,2
766,1,0,2,2
767,1,0,2,2
768,1,0,2,2
769,1,0,2,2
770,1,0,2,2
771,1,0,2,2
772,1,0,2,2
773,1,0,2,2
774,1,0,2,2
775,1,0,2,2
776,1,0,2,2
777,1,0,2,2
778,1,0,2,2
779,1,0,2,2
780,1,0,2,2
781,1,0,2,2
782,1,0,2,2
783,1,0,2,2
784,1,0,2,2
785,1,0,2,2
786,1,0,2,2
787,1,0,2,2
788,1,0,2,2
789,1,0,2,2
790,1,0,2,2
791,1,0,2,2
792,1,0,2,2
793,1,0,2,2
794,1,0,2,2
795,1,0,2,2
796,1,0,2,2
797,1,0,2,2
798,1,0,2,2
799,1,0,2,2
800,1,1,0,0
801,1,1,0,0
802,1,1,0,0
803,1,1,0,0
804,1,1,0,0
805,1,1,0,0
806,1,1,0,0
807,1,1,0,0
808,1,1,0,0
809,1,1,0,0
810,1,1,0,0
811,1,1,0,0
812,1,1,0,0
813,1,1,0,0
814,1,1,0,0
815,1,1,0,0
816,1,1,0,0
817,1,1,0,0
818,1,1,0,0
819,1,1,0,0
820,1,1,0,0
821,1,1,0,0
822,1,1,0,0
823,1,1,0,0
824,1,1,0,0
825,1,1,0,0
826,1,1,0,0
827,1,1,0,0
828,1,1,0,0
829,1,1,0,0
830,1,1,0,0
831,1,1,0,0
832,1,1,0,0
833,1,1,0,0
834,1,1,0,0
835,1,1,0,0
836,1,1,0,0
837,1,1,0,0
838,1,1,0,0
839,1,1,0,0
840,1,1,0,0
841,1,1,0,0
842,1,1,0,0
843,1,1,0,0
844,1,1,0,0
845,1,1,0,0
846,1,1,0,0
847,1,1,0,0
848,1,1,0,0
849,1,1,0,0
850,1,1,0,2
851,1,1,0,2
852,1,1,0,2
853,1,1,0,2
854,1,1,0,2
855,1,1,0,2
856,1,1,0,2
857,1,1,0,2
858,1,1,0,2
859,1,1,0,2
860,1,1,0,2
861,1,1,0,2
862,1,1,0,2
863,1,1,0,2
864,1,1,0,2
865,1,1,0,2
866,1,1,0,2
867,1,1,0,2
868,1,1,0,2
869,1,1,0,2
870,1,1,0,2
871,1,1,0,2
872,1,1,0,2
873,1,1,0,2
874,1,1,0,2
875,1,1,0,2
876,1,1,0,2
877,1,1,0,2
878,1,1,0,2
879,1,1,0,2
880,1,1,0,2
881,1,1,0,2
882,1,1,0,2
883,1,1,0,2
884,1,1,0,2
885,1,1,0,2
886,1,1,0,2
887,1,1,0,2
888,1,1,0,2
889,1,1,0,2
890,1,1,0,2
891,1,1,0,2
892,1,1,0,2
893,1,1,0,2
894,1,1,0,2
895,1,1,0,2
896,1,1,0,2
897,1,1,0,2
898,1,1,0,2
899,1,1,0,2
900,1,1,2,0
901,1,1,2,0
902,1,1,2,0
903,1,1,2,0
904,1,1,2,0
905,1,1,2,0
906,1,1,2,0
907,1,1,2,0
908,1,1,2,0
909,1,1,2,0
910,1,1,2,0
911,1,1,2,0
912,1,1,2,0
913,1,1,2,0
914,1,1,2,0
915,1,1,2,0
916,1,1,2,0
917,1,1,2,0
918,1,1,2,0
919,1,1,2,0
920,1,1,2,0
921,1,1,2,0
922,1,1,2,0
923,1,1,2,0
924,1,1,2,0
925,1,1,2,0
926,1,1,2,0
927,1,1,2,0
928,1,1,2,0
929,1,1,2,0
930,1,1,2,0
931,1,1,2,0
932,1,1,2,0
933,1,1,2,0
934,1,1,2,0
935,1,1,2,0
936,1,1,2,0
937,1,1,2,0
938,1,1,2,0
939,1,1,2,0
940,1,1,2,0
941,1,1,2,0
942,1,1,2,0
943,1,1,2,0
944,1,1,2,0
945,1,1,2,0
946,1,1,2,0
947,1,1,2,0
948,1,1,2,0
949,1,1,2,0
950,1,1,2,2
951,1,1,2,2
952,1,1,2,2
953,1,1,2,2
954,1,1,2,2
955,1,1,2,2
956,1,1,2,2
957,1,1,2,2
958,1,1,2,2
959,1,1,2,2
960,1,1,2,2
961,1,1,2,2
962,1,1,2,2
963,1,1,2,2
964,1,1,2,2
965,1,1,2,2
966,1,1,2,2
967,1,1,2,2
968,1,1,2,2
969,1,1,2,2
970,1,1,2,2
971,1,1,2,2
972,1,1,2,2
973,1,1,2,2
974,1,1,2,2
975,1,1,2,2
976,1,1,2,2
977,1,1,2,2
978,1,1,2,2
979,1,1,2,2
980,1,1,2,2
981,1,1,2,2
982,1,1,2,2
983,1,1,2,2
984,1,1,2,2
985,1,1,2,2
986,1,1,2,2
987,1,1,2,2
988,1,1,2,2
989,1,1,2,2
990,1,1,2,2
991,1,1,2,2
992,1,1,2,2
993,1,1,2,2
994,1,1,2,2
995,1,1,2,2
996,1,1,2,2
997,1,1,2,2
998,1,1,2,2
999,1,1,2,2
1000,1,2,0,0
1001,1,2,0,0
1002,1,2,0,0
1003,1,2,0,0
1004,1,2,0,0
1005,1,2,0,0
1006,1,2,0,0
1007,1,2,0,0
1008,1,2,0,0
1009,1,2,0,0
1010,1,2,0,0
1011,1,2,0,0
1012,1,2,0,0
1013,1,2,0,0
1014,1,2,0,0
1015,1,2,0,0
1016,1,2,0,0
1017,1,2,0,0
1018,1,2,0,0
1019,1,2,0,0
1020,1,2,0,0
1021,1,2,0,0
1022,1,2,0,0
1023,1,2,0,0
1024,1,2,0,0
1025,1,2,0,0
1026,1,2,0,0
1027,1,2,0,0
1028,1,2,0,0
1029,1,2,0,0
1030,1,2,0,0
1031,1,2,0,0
1032,1,2,0,0
1033,1,2,0,0
1034,1,2,0,0
1035,1,2,0,0
1036,1,2,0,0
1037,1,2,0,0
1038,1,2,0,0
1039,1,2,0,0
1040,1,2,0,0
1041,1,2,0,0
1042,1,2,0,0
1043,1,2,0,0
1044,1,2,0,0
1045,1,2,0,0
1046,1,2,0,0
1047,1,2,0,0
1048,1,2,0,0
1049,1,2,0,0
1050,1,2,0,2
1051,1,2,0,2
1052,1,2,0,2
1053,1,2,0,2
1054,1,2,0,2
1055,1,2,0,2
1056,1,2,0,2
1057,1,2,0,2
1058,1,2,0,2
1059,1,2,0,2
1060,1,2,0,2
1061,1,2,0,2
1062,1,2,0,2
1063,1,2,0,2
1064,1,2,0,2
1065,1,2,0,2
1066,1,2,0,2
1067,1,2,0,2
1068,1,2,0,2
1069,1,2,0,2
1070,1,2,0,2
1071,1,2,0,2
1072,1,2,0,2
1073,1,2,0,2
1074,1,2,0,2
1075,1,2,0,2
1076,1,2,0,2
1077,1,2,0,2
1078,1,2,0,2
1079,1,2,0,2
1080,1,2,0,2
1081,1,2,0,2
1082,1,2,0,2
1083,1,2,0,2
1084,1,2,0,2
1085,1,2,0,2
1086,1,2,0,2
1087,1,2,0,2
1088,1,2,0,2
1089,1,2,0,2
1090,1,2,0,2
1091,1,2,0,2
1092,1,2,0,2
1093,1,2,0,2
1094,1,2,0,2
1095,1,2,0,2
1096,1,2,0,2
1097,1,2,0,2
1098,1,2,0,2
1099,1,2,0,2
1100,1,2,2,0
1101,1,2,2,0
1102,1,2,2,0
1103,1,2,2,0
1104,1,2,2,0
1105,1,2,2,0
1106,1,2,2,0
1107,1,2,2,0
1108,1,2,2,0
1109,1,2,2,0
1110,1,2,2,0
1111,1,2,2,0
1112,1,2,2,0
1113,1,2,2,0
1114,1,2,2,0
1115,1,2,2,0
1116,1,2,2,0
1117,1,2,2,0
1118,1,2,2,0
1119,1,2,2,0
1120,1,2,2,0
1121,1,2,2,0
1122,1,2,2,0
1123,1,2,2,0
1124,1,2,2,0
1125,1,2,2,0
1126,1,2,2,0
1127,1,2,2,0
1128,1,2,2,0
1129,1,2,2,0
1130,1,2,2,0
1131,1,2,2,0
1132,1,2,2,0
1133,1,2,2,0
1134,1,2,2,0
1135,1,2,2,0
1136,1,2,2,0
1137,1,2,2,0
1138,1,2,2,0
1139,1,2,2,0
1140,1,2,2,0
1141,1,2,2,0
1142,1,2,2,0
1143,1,2,2,0
1144,1,2,2,0
1145,1,2,2,0
1146,1,2,2,0
1147,1,2,2,0
1148,1,2,2,0
1149,1,2,2,0
1150,1,2,2,2
1151,1,2,2,2
1152,1,2,2,2
1153,1,2,2,2
1154,1,2,2,2
1155,1,2,2,2
1156,1,2,2,2
1157,1,2,2,2
1158,1,2,2,2
1159,1,2,2,2
1160,1,2,2,2
1161,1,2,2,2
1162,1,2,2,2
1163,1,2,2,2
1164,1,2,2,2
1165,1,2,2,2
1166,1,2,2,2
1167,1,2,2,2
1168,1,2,2,2
1169,1,2,2,2
1170,1,2,2,2
1171,1,2,2,2
1172,1,2,2,2
1173,1,2,2,2
1174,1,2,2,2
1175,1,2,2,2
1176,1,2,2,2
1177,1,2,2,2
1178,1,2,2,2
1179,1,2,2,2
1180,1,2,2,2
1181,1,2,2,2
1182,1,2,2,2
1183,1,2,2,2
1184,1,2,2,2
1185,1,2,2,2
1186,1,2,2,2
1187,1,2,2,2
1188,1,2,2,2
1189,1,2,2,2
1190,1,2,2,2
1191,1,2,2,2
1192,1,2,2,2
1193,1,2,2,2
1194,1,2,2,2
1195,1,2,2,2
1196,1,2,2,2
1197,1,2,2,2
1198,1,2,2,2
1199,1,2,2,2
1200,2,0,0,0
1201,2,0,0,0
1202,2,0,0,0
1203,2,0,0,0
1204,2,0,0,0
1205,2,0,0,0
1206,2,0,0,0
1207,2,0,0,0
1208,2,0,0,0
1209,2,0,0,0
1210,2,0,0,0
1211,2,0,0,0
1212,2,0,0,0
1213,2,0,0,0
1214,2,0,0,0
1215,2,0,0,0
1216,2,0,0,0
1217,2,0,0,0
1218,2,0,0,0
1219,2,0,0,0
1220,2,0,0,0
1221,2,0,0,0
1222,2,0,0,0
1223,2,0,0,0
1224,2,0,0,0
1225,2,0,0,0
1226,2,0,0,0
1227,2,0,0,0
1228,2,0,0,0
1229,2,0,0,0
1230,2,0,0,0
1231,2,0,0,0
1232,2,0,0,0
1233,2,0,0,0
1234,2,0,0,0
1235,2,0,0,0
1236,2,0,0,0
1237,2,0,0,0
1238,2,0,0,0
1239,2,0,0,0
1240,2,0,0,0
1241,2,0,0,0
1242,2,0,0,0
1243,2,0,0,0
1244,2,0,0,0
1245,2,0,0,0
1246,2,0,0,0
1247,2,0,0,0
1248,2,0,0,0
1249,2,0,0,0
1250,2,0,0,2
1251,2,0,0,2
1252,2,0,0,2
1253,2,0,0,2
1254,2,0,0,2
1255,2,0,0,2
1256,2,0,0,2
1257,2,0,0,2
1258,2,0,0,2
1259,2,0,0,2
1260,2,0,0,2
1261,2,0,0,2
1262,2,0,0,2
1263,2,0,0,2
1264,2,0,0,2
1265,2,0,0,2
1266,2,0,0,2
1267,2,0,0,2
1268,2,0,0,2
1269,2,0,0,2
1270,2,0,0,2
1271,2,0,0,2
1272,2,0,0,2
1273,2,0,0,2
1274,2,0,0,2
1275,2,0,0,2
1276,2,0,0,2
1277,2,0,0,2
1278,2,0,0,2
1279,2,0,0,2
1280,2,0,0,2
1281,2,0,0,2
1282,2,0,0,2
1283,2,0,0,2
1284,2,0,0,2
1285,2,0,0,2
1286,2,0,0,2
1287,2,0,0,2
1288,2,0,0,2
1289,2,0,0,2
1290,2,0,0,2
1291,2,0,0,2
1292,2,0,0,2
1293,2,0,0,2
1294,2,0,0,2
1295,2,0,0,2
1296,2,0,0,2
1297,2,0,0,2
1298,2,0,0,2
1299,2,0,0,2
1300,2,0,2,0
1301,2,0,2,0
1302,2,0,2,0
1303,2,0,2,0
1304,2,0,2,0
1305,2,0,2,0
1306,2,0,2,0
1307,2,0,2,0
1308,2,0,2,0
1309,2,0,2,0
1310,2,0,2,0
1311,2,0,2,0
1312,2,0,2,0
1313,2,0,2,0
1314,2,0,2,0
1315,2,0,2,0
1316,2,0,2,0
1317,2,0,2,0
1318,2,0,2,0
1319,2,0,2,0
1320,2,0,2,0
1321,2,0,2,0
1322,2,0,2,0
1323,2,0,2,0
1324,2,0,2,0
1325,2,0,2,0
1326,2,0,2,0
1327,2,0,2,0
1328,2,0,2,0
1329,2,0,2,0
1330,2,0,2,0
1331,2,0,2,0
1332,2,0,2,0
1333,2,0,2,0
1334,2,0,2,0
1335,2,0,2,0
1336,2,0,2,0
1337,2,0,2,0
1338,2,0,2,0
1339,2,0,2,0
1340,2,0,2,0
1341,2,0,2,0
1342,2,0,2,0
1343,2,0,2,0
1344,2,0,2,0
1345,2,0,2,0
1346,2,0,2,0
1347,2,0,2,0
1348,2,0,2,0
1349,2,0,2,0
1350,2,0,2,2
1351,2,0,2,2
1352,2,0,2,2
1353,2,0,2,2
1354,2,0,2,2
1355,2,0,2,2
1356,2,0,2,2
1357,2,0,2,2
1358,2,0,2,2
1359,2,0,2,2
1360,2,0,2,2
1361,2,0,2,2
1362,2,0,2,2
1363,2,0,2,2
1364,2,0,2,2
1365,2,0,2,2
1366,2,0,2,2
1367,2,0,2,2
1368,2,0,2,2
1369,2,0,2,2
1370,2,0,2,2
1371,2,0,2,2
1372,2,0,2,2
1373,2,0,2,2
1374,2,0,2,2
1375,2,0,2,2
1376,2,0,2,2
1377,2,0,2,2
1378,2,0,2,2
1379,2,0,2,2
1380,2,0,2,2
1381,2,0,2,2
1382,2,0,2,2
1383,2,0,2,2
1384,2,0,2,2
1385,2,0,2,2
1386,2,0,2,2
1387,2,0,2,2
1388,2,0,2,2
1389,2,0,2,2
1390,2,0,2,2
1391,2,0,2,2
1392,2,0,2,2
1393,2,0,2,2
1394,2,0,2,2
1395,2,0,2,2
1396,2,0,2,2
1397,2,0,2,2
1398,2,0,2,2
1399,2,0,2,2
1400,2,1,0,0
1401,2,1,0,0
1402,2,1,0,0
1403,2,1,0,0
1404,2,1,0,0
1405,2,1,0,0
1406,2,1,0,0
1407,2,1,0,0
1408,2,1,0,0
1409,2,1,0,0
1410,2,1,0,0
1411,2,1,0,0
1412,2,1,0,0
1413,2,1,0,0
1414,2,1,0,0
1415,2,1,0,0
1416,2,1,0,0
1417,2,1,0,0
1418,2,1,0,0
1419,2,1,0,0
1420,2,1,0,0
1421,2,1,0,0
1422,2,1,0,0
1423,2,1,0,0
1424,2,1,0,0
1425,2,1,0,0
1426,2,1,0,0
1427,2,1,0,0
1428,2,1,0,0
1429,2,1,0,0
1430,2,1,0,0
1431,2,1,0,0
1432,2,1,0,0
1433,2,1,0,0
1434,2,1,0,0
1435,2,1,0,0
1436,2,1,0,0
1437,2,1,0,0
1438,2,1,0,0
1439,2,1,0,0
1440,2,1,0,0
1441,2,1,0,0
1442,2,1,0,0
1443,2,1,0,0
1444,2,1,0,0
1445,2,1,0,0
1446,2,1,0,0
1447,2,1,0,0
1448,2,1,0,0
1449,2,1,0,0
1450,2,1,0,2
1451,2,1,0,2
1452,2,1,0,2
1453,2,1,0,2
1454,2,1,0,2
1455,2,1,0,2
1456,2,1,0,2
1457,2,1,0,2
1458,2,1,0,2
1459,2,1,0,2
1460,2,1,0,2
1461,2,1,0,2
1462,2,1,0,2
1463,2,1,0,2
1464,2,1,0,2
1465,2,1,0,2
1466,2,1,0,2
1467,2,1,0,2
1468,2,1,0,2
1469,2,1,0,2
1470,2,1,0,2
1471,2,1,0,2
1472,2,1,0,2
1473,2,1,0,2
1474,2,1,0,2
1475,2,1,0,2
1476,2,1,0,2
1477,2,1,0,2
1478,2,1,0,2
1479,2,1,0,2
1480,2,1,0,2
1481,2,1,0,2
1482,2,1,0,2
1483,2,1,0,2
1484,2,1,0,2
1485,2,1,0,2
1486,2,1,0,2
1487,2,1,0,2
1488,2,1,0,2
1489,2,1,0,2
1490,2,1,0,2
1491,2,1,0,2
1492,2,1,0,2
1493,2,1,0,2
1494,2,1,0,2
1495,2,1,0,2
1496,2,1,0,2
1497,2,1,0,2
1498,2,1,0,2
1499,2,1,0,2
1500,2,1,2,0
1501,2,1,2,0
1502,2,1,2,0
1503,2,1,2,0
1504,2,1,2,0
1505,2,1,2,0
1506,2,1,2,0
1507,2,1,2,0
1508,2,1,2,0
1509,2,1,2,0
1510,2,1,2,0
1511,2,1,2,0
1512,2,1,2,0
1513,2,1,2,0
1514,2,1,2,0
1515,2,1,2,0
1516,2,1,2,0
1517,2,1,2,0
1518,2,1,2,0
1519,2,1,2,0
1520,2,1,2,0
1521,2,1,2,0
1522,2,1,2,0
1523,2,1,2,0
1524,2,1,2,0
1525,2,1,2,0
1526,2,1,2,0
1527,2,1,2,0
1528,2,1,2,0
1529,2,1,2,0
1530,2,1,2,0
1531,2,1,2,0
1532,2,1,2,0
1533,2,1,2,0
1534,2,1,2,0
1535,2,1,2,0
1536,2,1,2,0
1537,2,1,2,0
1538,2,1,2,0
1539,2,1,2,0
1540,2,1,2,0
1541,2,1,2,0
1542,2,1,2,0
1543,2,1,2,0
1544,2,1,2,0
1545,2,1,2,0
1546,2,1,2,0
1547,2,1,2,0
1548,2,1,2,0
1549,2,1,2,0
1550,2,1,2,2
1551,2,1,2,2
1552,2,1,2,2
1553,2,1,2,2
1554,2,1,2,2
1555,2,1,2,2
1556,2,1,2,2
1557,2,1,2,2
1558,2,1,2,2
1559,2,1,2,2
1560,2,1,2,2
1561,2,1,2,2
1562,2,1,2,2
1563,2,1,2,2
1564,2,1,2,2
1565,2,1,2,2
1566,2,1,2,2
1567,2,1,2,2
1568,2,1,2,2
1569,2,1,2,2
1570,2,1,2,2
1571,2,1,2,2
1572,2,1,2,2
1573,2,1,2,2
1574,2,1,2,2
1575,2,1,2,2
1576,2,1,2,2
1577,2,1,2,2
1578,2,1,2,2
1579,2,1,2,2
1580,2,1,2,2
1581,2,1,2,2
1582,2,1,2,2
1583,2,1,2,2
1584,2,1,2,2
1585,2,1,2,2
1586,2,1,2,2
1587,2,1,2,2
1588,2,1,2,2
1589,2,1,2,2
1590,2,1,2,2
1591,2,1,2,2
1592,2,1,2,2
1593,2,1,2,2
1594,2,1,2,2
1595,2,1,2,2
1596,2,1,2,2
1597,2,1,2,2
1598,2,1,2,2
1599,2,1,2,2
1600,2,2,0,0
1601,2,2,0,0
1602,2,2,0,0
1603,2,2,0,0
1604,2,2,0,0
1605,2,2,0,0
1606,2,2,0,0
1607,2,2,0,0
1608,2,2,0,0
1609,2,2,0,0
1610,2,2,0,0
1611,2,2,0,0
1612,2,2,0,0
1613,2,2,0,0
1614,2,2,0,0
1615,2,2,0,0
1616,2,2,0,0
1617,2,2,0,0
1618,2,2,0,0
1619,2,2,0,0
1620,2,2,0,0
1621,2,2,0,0
1622,2,2,0,0
1623,2,2,0,0
1624,2,2,0,0
1625,2,2,0,0
1626,2,2,0,0
1627,2,2,0,0
1628,2,2,0,0
1629,2,2,0,0
1630,2,2,0,0
1631,2,2,0,0
1632,2,2,0,0
1633,2,2,0,0
1634,2,2,0,0
1635,2,2,0,0
1636,2,2,0,0
1637,2,2,0,0
1638,2,2,0,0
1639,2,2,0,0
1640,2,2,0,0
1641,2,2,0,0
1642,2,2,0,0
1643,2,2,0,0
1644,2,2,0,0
1645,2,2,0,0
1646,2,2,0,0
1647,2,2,0,0
1648,2,2,0,0
1649,2,2,0,0
1650,2,2,0,2
1651,2,2,0,2
1652,2,2,0,2
1653,2,2,0,2
1654,2,2,0,2
1655,2,2,0,2
1656,2,2,0,2
1657,2,2,0,2
1658,2,2,0,2
1659,2,2,0,2
1660,2,2,0,2
1661,2,2,0,2
1662,2,2,0,2
1663,2,2,0,2
1664,2,2,0,2
1665,2,2,0,2
1666,2,2,0,2
1667,2,2,0,2
1668,2,2,0,2
1669,2,2,0,2
1670,2,2,0,2
1671,2,2,0,2
1672,2,2,0,2
1673,2,2,0,2
1674,2,2,0,2
1675,2,2,0,2
1676,2,2,0,2
1677,2,2,0,2
1678,2,2,0,2
1679,2,2,0,2
1680,2,2,0,2
1681,2,2,0,2
1682,2,2,0,2
1683,2,2,0,2
1684,2,2,0,2
1685,2,2,0,2
1686,2,2,0,2
1687,2,2,0,2
1688,2,2,0,2
1689,2,2,0,2
1690,2,2,0,2
1691,2,2,0,2
1692,2,2,0,2
1693,2,2,0,2
1694,2,2,0,2
1695,2,2,0,2
1696,2,2,0,2
1697,2,2,0,2
1698,2,2,0,2
1699,2,2,0,2
1700,2,2,2,0
1701,2,2,2,0
1702,2,2,2,0
1703,2,2,2,0
1704,2,2,2,0
1705,2,2,2,0
1706,2,2,2,0
1707,2,2,2,0
1708,2,2,2,0
1709,2,2,2,0
1710,2,2,2,0
1711,2,2,2,0
1712,2,2,2,0
1713,2,2,2,0
1714,2,2,2,0
1715,2,2,2,0
1716,2,2,2,0
1717,2,2,2,0
1718,2,2,2,0
1719,2,2,2,0
1720,2,2,2,0
1721,2,2,2,0
1722,2,2,2,0
1723,2,2,2,0
1724,2,2,2,0
1725,2,2,2,0
1726,2,2,2,0
1727,2,2,2,0
1728,2,2,2,0
1729,2,2,2,0
1730,2,2,2,0
1731,2,2,2,0
1732,2,2,2,0
1733,2,2,2,0
1734,2,2,2,0
1735,2,2,2,0
1736,2,2,2,0
1737,2,2,2,0
1738,2,2,2,0
1739,2,2,2,0
1740,2,2,2,0
1741,2,2,2,0
1742,2,2,2,0
1743,2,2,2,0
1744,2,2,2,0
1745,2,2,2,0
1746,2,2,2,0
1747,2,2,2,0
1748,2,2,2,0
1749,2,2,2,0
1750,2,2,2,2
1751,2,2,2,2
1752,2,2,2,2
1753,2,2,2,2
1754,2,2,2,2
1755,2,2,2,2
1756,2,2,2,2
1757,2,2,2,2
1758,2,2,2,2
1759,2,2,2,2
1760,2,2,2,2
1761,2,2,2,2
1762,2,2,2,2
1763,2,2,2,2
1764,2,2,2,2
1765,2,2,2,2
1766,2,2,2,2
1767,2,2,2,2
1768,2,2,2,2
1769,2,2,2,2
1770,2,2,2,2
1771,2,2,2,2
1772,2,2,2,2
1773,2,2,2,2
1774,2,2,2,2
1775,2,2,2,2
1776,2,2,2,2
1777,2,2,2,2
1778,2,2,2,2
1779,2,2,2,2
1780,2,2,2,2
1781,2,2,2,2
1782,2,2,2,2
1783,2,2,2,2
1784,2,2,2,2
1785,2,2,2,2
1786,2,2,2,2
1787,2,2,2,2
1788,2,2,2,2
1789,2,2,2,2
1790,2,2,2,2
1791,2,2,2,2
1792,2,2,2,2
1793,2,2,2,2
1794,2,2,2,2
1795,2,2,2,2
1796,2,2,2,2
1797,2,2,2,2
1798,2,2,2,2
1799,2,2,2,2
