,0,1,2,3,4,5,6,7,8,9,10,11,12,13,14,15,16,17,18,19,20,21,22,23,24,25,26,27,28,29,30,31,32,33,34,35,36,37,38,39,40,41,42,43,44,45,46
0,0.004600000102072954,0.005870892200618982,0.007603342179208994,0.01061834953725338,0.015327276661992073,0.01893368549644947,0.02383257821202278,0.029268868267536163,0.034576598554849625,0.041125379502773285,0.04895307496190071,0.05891169607639313,0.07289541512727737,0.08084134012460709,0.10560750961303711,0.12102922797203064,0.15010492503643036,0.19326619803905487,0.21741445362567902,0.27749401330947876,0.34057173132896423,0.463399738073349,0.5395907163619995,0.6321585178375244,0.771252453327179,0.9453218579292297,1.0237270593643188,1.2099394798278809,1.4041537046432495,1.5495026111602783,1.7173181772232056,1.9634634256362915,2.1771631240844727,2.45292067527771,2.7548694610595703,2.959526300430298,3.2988786697387695,3.617908477783203,3.8480663299560547,4.223894119262695,4.428046703338623,4.693476676940918,4.972204208374023,5.12528657913208,5.272777557373047,5.363428115844727,5.44209098815918
1,0.004600000102072954,0.007981420494616032,0.012906639836728573,0.021228302270174026,0.034629449248313904,0.06255641579627991,0.11416596919298172,0.2067415565252304,0.3462866544723511,0.5564029812812805,0.8751964569091797,1.4318946599960332,2.0149667263031006,2.869035243988037,3.64026141166687,4.361311912536621,4.97157621383667,5.36359167098999,5.647997856140137,5.826200008392334,5.9410400390625,6.011327266693115,6.053373336791992,6.077054023742676,6.092903137207031,6.100592613220215,6.105824947357178,6.108646869659424,6.1103901863098145,6.111546039581299,6.112162113189697,6.112566947937012,6.112812519073486,6.112956523895264,6.113039016723633,6.113097190856934,6.11313009262085,6.1131510734558105,6.113163471221924,6.1131720542907715,6.113177299499512,6.113180637359619,6.113182544708252,6.113183498382568,6.113183975219727,6.113184452056885,6.113184928894043
2,0.004600000102072954,0.004889694973826408,0.005117413122206926,0.0059944624081254005,0.006213986314833164,0.006797944661229849,0.00702350027859211,0.007987812161445618,0.009324136190116405,0.00918545201420784,0.01114944089204073,0.012688744813203812,0.013741510920226574,0.014617311768233776,0.016611805185675628,0.016950933262705803,0.01883521862328052,0.021705947816371918,0.022928614169359214,0.024863211438059814,0.028079522773623466,0.03180484473705292,0.0365414135158062,0.04083458334207535,0.04771972820162773,0.056891925632953644,0.05971788614988327,0.0653233751654625,0.0745442733168602,0.0772104412317276,0.07682380080223083,0.09027180075645447,0.10934676229953766,0.11494768410921097,0.12248312681913376,0.13016217947006226,0.13666504621505737,0.15489013493061066,0.155460923910141,0.1770075112581253,0.1929490864276886,0.19039446115493774,0.21538309752941132,0.23056288063526154,0.250802606344223,0.2728075385093689,0.2909897267818451
3,0.004600000102072954,0.004998467396944761,0.005054703447967768,0.005595072638243437,0.006293872836977243,0.007332287263125181,0.007916539907455444,0.008554440923035145,0.00970823410898447,0.009955286048352718,0.010493575595319271,0.01118019875138998,0.012131333351135254,0.013313074596226215,0.015018637292087078,0.01820342428982258,0.022987477481365204,0.024922441691160202,0.0278109610080719,0.02942783758044243,0.03451327607035637,0.03962179645895958,0.04168041795492172,0.045878633856773376,0.05212382599711418,0.05683813616633415,0.062122639268636703,0.06878554075956345,0.07960185408592224,0.0792444497346878,0.0865960493683815,0.09569942951202393,0.0950339064002037,0.10964389890432358,0.12231886386871338,0.1288503110408783,0.15251882374286652,0.1923266500234604,0.21616214513778687,0.2431260198354721,0.2684823274612427,0.3021063506603241,0.3274747431278229,0.3496713936328888,0.37787488102912903,0.37956053018569946,0.40749409794807434
4,0.004600000102072954,0.005171918775886297,0.005270122084766626,0.0060722180642187595,0.007789957337081432,0.009648735634982586,0.011145323514938354,0.012942849658429623,0.014000047929584924,0.01668834686279297,0.01910124346613884,0.024999309331178665,0.03100212849676609,0.03189513832330704,0.03760644793510437,0.04116928204894066,0.04875228554010391,0.05830334126949305,0.06927520036697393,0.08309577405452723,0.09857064485549927,0.12220198661088943,0.151370108127594,0.15414133667945862,0.1685505509376526,0.1969729959964752,0.22660005092620847,0.24529539048671722,0.23581881821155548,0.26382315158843994,0.3019345700740814,0.36595553159713745,0.4024003744125366,0.4265677034854889,0.48729467391967773,0.5841102004051208,0.7131850123405457,0.8235912919044495,0.9518487453460693,1.0520968437194824,1.229082465171814,1.2916327714920046,1.5130943059921265,1.6541372537612915,1.8997495174407961,2.1906332969665527,2.2409627437591553
5,0.004600000102072954,0.0068928091786801815,0.010287579149007797,0.015541277825832367,0.020933760330080986,0.027686651796102968,0.03652821481227875,0.048779997974633726,0.0700874924659729,0.09046371281147003,0.12102185934782028,0.1637067347764969,0.2286025732755661,0.3167674541473384,0.44826608896255493,0.6869519948959351,0.9075878858566284,1.1767042875289917,1.3852038383483887,1.6223686933517454,2.1412861347198486,2.5876848697662354,3.1251988410949707,3.687347412109375,4.051392555236816,4.338205337524414,4.69966459274292,5.031249046325684,5.249349117279053,5.420533657073975,5.582860946655273,5.686305522918701,5.769283771514893,5.8378167152404785,5.887232780456543,5.922028064727783,5.947956085205078,5.9700751304626465,5.982763767242432,5.990542888641357,5.997251987457275,6.001105308532715,6.003818035125732,6.006124019622803,6.008305549621582,6.009225368499756,6.010222911834717
6,0.00460000010207251,0.006373541429639307,0.010058279149234295,0.014896468259394613,0.021901581436395645,0.033656440675258636,0.043642766773700714,0.06791558116674423,0.10086505115032196,0.14369891583919525,0.21557211875915527,0.31541773676872253,0.40273973345756486,0.5514111518859863,0.7663257718086243,1.0232304334640503,1.3722106218338013,1.700753092765808,2.400968551635742,2.789233684539795,3.5198330879211426,4.07280158996582,4.639514446258545,5.023153305053711,5.3431925773620605,5.567580699920654,5.753633499145508,5.857486724853516,5.976751327514648,6.0316481590271,6.081826210021973,6.107482433319092,6.132285118103027,6.147397518157959,6.159490585327148,6.168915271759033,6.176987171173096,6.181958198547363,6.184970378875732,6.187583923339844,6.189338207244873,6.190576553344727,6.191469669342041,6.191965579986572,6.192272186279297,6.192511558532715,6.192663669586182
7,0.004600000102072954,0.005811593495309353,0.008764591068029404,0.010349753312766552,0.013533354736864567,0.016090160235762596,0.02151419222354889,0.02815341018140316,0.036059726029634476,0.048227425664663315,0.058884214609861374,0.07155992090702057,0.08700075000524521,0.10856572538614273,0.13769236207008362,0.20332123339176178,0.2473975569009781,0.28123897314071655,0.3274894058704376,0.4469640254974365,0.5039516091346741,0.6775109171867371,0.8948522806167603,1.1018446683883667,1.3422123193740845,1.6574944257736206,1.9397536516189575,2.33247971534729,2.8360328674316406,3.158071517944336,3.4092557430267334,3.8592336177825928,4.153452396392822,4.524409294128418,4.720912933349609,4.9576826095581055,5.102116107940674,5.35404634475708,5.488836765289307,5.6429314613342285,5.750001430511475,5.837495803833008,5.896506309509277,5.9539570808410645,5.983613014221191,6.009549140930176,6.031641483306885
8,0.004600000102072954,0.009549178183078766,0.020031103864312172,0.040217626839876175,0.07736494392156601,0.1518637090921402,0.2994935214519501,0.5662373304367065,1.02536940574646,1.8581792116165161,2.723165273666382,3.777050256729126,4.598952293395996,5.225531101226807,5.5700554847717285,5.770297527313232,5.885128974914551,5.951599597930908,5.986579895019531,6.0055766105651855,6.015866279602051,6.02183198928833,6.025031089782715,6.026772975921631,6.0276970863342285,6.028234004974365,6.028517246246338,6.028672695159912,6.028754234313965,6.028801441192627,6.028825759887695,6.028839111328125,6.028846263885498,6.028850078582764,6.0288519859313965,6.028853416442871,6.028853893280029,6.0288543701171875,6.0288543701171875,6.0288543701171875,6.028854846954346,6.028854846954346,6.028854846954346,6.028854846954346,6.028854846954346,6.028854846954346,6.028854846954346
9,0.004600000102072954,0.008678225800395012,0.018181320279836655,0.03615991026163101,0.07487399876117706,0.14263929426670074,0.27864956855773926,0.5127271413803101,0.9969754815101624,1.686578392982483,2.5427510738372803,3.6462323665618896,4.652989387512207,5.236161708831787,5.586646556854248,5.789737701416016,5.8973493576049805,5.957330226898193,5.990351676940918,6.007758140563965,6.017196178436279,6.022265911102295,6.024988174438477,6.026438236236572,6.027214527130127,6.0276288986206055,6.027843952178955,6.0279669761657715,6.028031349182129,6.028065204620361,6.028083801269531,6.028093338012695,6.0280985832214355,6.028101444244385,6.028102874755859,6.028103828430176,6.028104305267334,6.028104305267334,6.028104782104492,6.028104782104492,6.028104782104492,6.028104782104492,6.028104782104492,6.028104782104492,6.028104782104492,6.028104782104492,6.028104782104492
10,0.004600000102072954,0.005261862184852362,0.005693851038813591,0.00666138157248497,0.008079638704657555,0.009090556763112545,0.009653624147176743,0.010008225217461586,0.012063324451446533,0.012142547406256199,0.014500848948955536,0.016136862337589264,0.018314937129616737,0.019708484411239624,0.019655169919133186,0.018870491534471512,0.020870964974164963,0.02486983686685562,0.02669997699558735,0.031071320176124566,0.03108847700059414,0.031900230795145035,0.035463955253362656,0.03623995929956436,0.03876109793782234,0.041867416352033615,0.047098878771066666,0.05172521993517876,0.05944783613085747,0.05473200976848602,0.06312011182308197,0.06810948252677917,0.07269251346588135,0.08442588895559311,0.10320069640874863,0.13021057844161987,0.14965461194515228,0.18492531776428223,0.1975783407688141,0.23943817615509033,0.27261075377464294,0.3019181489944458,0.3165695071220398,0.3247493803501129,0.3466326594352722,0.37412258982658386,0.39878159761428833
11,0.004600000102072954,0.008524404838681221,0.015224848873913288,0.02984429895877838,0.05675157904624939,0.10174001753330231,0.19487975537776947,0.37412339448928833,0.6539538502693176,1.1415044069290161,1.795465350151062,2.734976291656494,3.5241003036499023,4.367496967315674,4.940037250518799,5.37813663482666,5.6430535316467285,5.796574115753174,5.882710933685303,5.930567264556885,5.958181858062744,5.973992347717285,5.9824323654174805,5.987177848815918,5.990137100219727,5.991753578186035,5.992655277252197,5.993162631988525,5.993473052978516,5.993633270263672,5.993730068206787,5.99378776550293,5.993818759918213,5.993836879730225,5.993847370147705,5.993853569030762,5.993857383728027,5.99385929107666,5.993860721588135,5.993861198425293,5.993861675262451,5.993861675262451,5.993862152099609,5.993862152099609,5.993862152099609,5.993862152099609,5.993862152099609
12,0.004600000102072954,0.007660059258341789,0.013002589344978333,0.0223072599619627,0.03808017447590828,0.0637088268995285,0.11899276822805405,0.20563802123069763,0.34278225898742676,0.5793420076370239,0.9348890781402588,1.5512900352478027,2.1893362998962402,3.038242816925049,3.8426873683929443,4.544177055358887,5.069295883178711,5.4361724853515625,5.6832075119018555,5.818931579589844,5.909942150115967,5.9608049392700195,5.993168354034424,6.011484146118164,6.022060394287109,6.028290271759033,6.0320611000061035,6.034048557281494,6.035262584686279,6.036084175109863,6.036550998687744,6.036827087402344,6.036972522735596,6.037062168121338,6.037116527557373,6.037147521972656,6.037168025970459,6.037178993225098,6.037186145782471,6.037189960479736,6.037192344665527,6.037193298339844,6.03719425201416,6.037194728851318,6.037195205688477,6.037195205688477,6.037195205688477
13,0.004600000102072954,0.007412810809910297,0.013340513221919537,0.022484952583909035,0.037694040685892105,0.06520785391330719,0.11478950828313828,0.20875805616378784,0.34281912446022034,0.5210080146789551,0.9291523098945618,1.5426082611083984,2.4452250003814697,3.2351489067077637,3.9632351398468018,4.6347737312316895,5.142308712005615,5.491137981414795,5.698785781860352,5.809575080871582,5.8795390129089355,5.920567989349365,5.942952632904053,5.958691596984863,5.968492031097412,5.974034309387207,5.97741174697876,5.979537487030029,5.980770587921143,5.981513500213623,5.981949329376221,5.982190132141113,5.982334136962891,5.982426643371582,5.982479572296143,5.9825119972229,5.982530117034912,5.982542037963867,5.982548713684082,5.982552528381348,5.982555389404297,5.982556343078613,5.98255729675293,5.982557773590088,5.982558250427246,5.982558250427246,5.982558250427246
14,0.004600000102072899,0.005215310957282782,0.006302344612777233,0.007164088077843189,0.008563404902815819,0.010331884026527405,0.011923492886126041,0.014491883106529713,0.016226265579461996,0.018873607739806175,0.024266310036182404,0.026347998529672567,0.03102694451808924,0.0349267795681954,0.042997561395168304,0.04567224532365799,0.053419202566146906,0.06371175497770315,0.07025305926799774,0.08096443116664881,0.10049490630626684,0.10939235240221024,0.12692572176456451,0.1434404551982879,0.1617230623960495,0.20019744336605072,0.24892227351665497,0.2653304934501648,0.3077320456504822,0.34993159770965576,0.37464794516563416,0.3898777365684509,0.467393696308136,0.5586485266685486,0.6195533871650696,0.6949911713600159,0.8213050961494446,0.9520207643508911,1.0653256177902222,1.2010927200317383,1.319411039352417,1.5648680925369263,1.778959035873413,1.859132170677185,2.2018558979034424,2.2261416912078857,2.3294758796691895
15,0.004600000102072954,0.005905011668801308,0.0068601518869400024,0.007164234761148691,0.008100632578134537,0.008786211721599102,0.010899906046688557,0.013123864307999666,0.014343316666781902,0.0176573283970356,0.021324370056390762,0.026543496176600512,0.02767541259527212,0.03105965442955494,0.03569987788796425,0.042359162122011185,0.047513026744127274,0.057631172239780426,0.06958774477243423,0.08422006666660309,0.10605937242507935,0.13402059674263,0.13184736669063568,0.15060977637767792,0.1724201887845993,0.2049892246723175,0.23587004840373993,0.274553507566452,0.3257402181625366,0.37883731722831726,0.42080461978912354,0.454241544008255,0.5800136923789978,0.6279011964797974,0.6544533967971802,0.6755856275558472,0.7117971181869507,0.8151732087135315,0.8781464695930481,0.978770911693573,1.1765406131744385,1.3075904846191406,1.653133511543274,1.9057482481002808,2.054161787033081,2.1703147888183594,2.271205425262451
16,0.004600000102072954,0.00849082786589861,0.015843048691749573,0.029721222817897797,0.055980660021305084,0.09136302024126053,0.16117876768112183,0.27002960443496704,0.5266724824905396,0.8869426250457764,1.515794277191162,2.164860486984253,3.1804089546203613,4.147946357727051,4.814325332641602,5.3047261238098145,5.5819573402404785,5.744687557220459,5.842628002166748,5.904367923736572,5.9406514167785645,5.961547374725342,5.974161148071289,5.981109142303467,5.984948635101318,5.98734188079834,5.988621711730957,5.989290237426758,5.989770412445068,5.99002742767334,5.990180969238281,5.990267753601074,5.990315914154053,5.990344047546387,5.990359306335449,5.990368843078613,5.990373611450195,5.9903764724731445,5.990377902984619,5.9903788566589355,5.990379810333252,5.99038028717041,5.99038028717041,5.99038028717041,5.990380764007568,5.990380764007568,5.990380764007568
17,0.004600000102072954,0.008897315710783005,0.018369853496551514,0.033168841153383255,0.07033621519804001,0.1331043690443039,0.27167779207229614,0.5129412412643433,0.9838812351226807,1.5991096496582031,2.524405002593994,3.436248302459717,4.197684288024902,4.960860252380371,5.361364364624023,5.597157001495361,5.73076057434082,5.806057929992676,5.851064205169678,5.875510215759277,5.888702392578125,5.89603853225708,5.900109767913818,5.902539253234863,5.903748989105225,5.904475212097168,5.904877662658691,5.905096530914307,5.905215740203857,5.905282974243164,5.905322074890137,5.905343055725098,5.9053544998168945,5.905360698699951,5.905364513397217,5.90536642074585,5.905367374420166,5.905367851257324,5.905368328094482,5.905368328094482,5.905368328094482,5.905368328094482,5.905368804931641,5.905368804931641,5.905368804931641,5.905368804931641,5.905368804931641
18,0.004600000102072954,0.005443404894322157,0.005895915906876326,0.006185845471918583,0.0068259770050644875,0.007719771936535835,0.008889575488865376,0.010700726881623268,0.011325377970933914,0.012678755447268486,0.014503530226647854,0.013814691454172141,0.01780419424176216,0.01725498400628566,0.017284559085965157,0.018576391041278832,0.021141262724995613,0.023768022656440735,0.025014754384756088,0.025795005261898034,0.025331178680062294,0.030346645042300224,0.0361323282122612,0.03607074171304703,0.036991775035858154,0.04220370948314667,0.04561321809887886,0.05134841427206993,0.05928151309490204,0.0642060711979866,0.06960088759660721,0.07603427767753601,0.08541495352983475,0.08791714906692505,0.10814160108566284,0.12733744084835052,0.14155936241149902,0.13265687227249146,0.16094228625297546,0.1623908281326294,0.17916250228881836,0.185296431183815,0.19627311825752258,0.2261304408311844,0.2677886188030243,0.31525465846061707,0.31920069456100464
19,0.00460000010207251,0.007544202264398336,0.01097132172435522,0.017029378563165665,0.025350999087094817,0.036904796957969666,0.05181808024644852,0.0710330531001091,0.10218825191259384,0.1327378898859024,0.19518999755382538,0.3080076277256012,0.4651910960674286,0.6867544054985046,0.9700175523757935,1.3083070516586304,1.8423681259155273,2.3607048988342285,3.0333430767059326,3.594132900238037,4.161271095275879,4.7303948402404785,5.125476837158203,5.381925582885742,5.547792911529541,5.706989288330078,5.824902534484863,5.888576507568359,5.926117420196533,5.948024749755859,5.966757297515869,5.978586196899414,5.985973358154297,5.991738796234131,5.994998455047607,5.997265815734863,5.999292373657227,6.000632286071777,6.001434803009033,6.00199031829834,6.002319812774658,6.002604007720947,6.002791881561279,6.002907752990723,6.002996444702148,6.003053188323975,6.003103256225586
20,0.004600000102072954,0.008027606643736362,0.014850568026304245,0.027752093970775604,0.05533207952976227,0.09362787008285522,0.18387553095817566,0.3561236560344696,0.6727365255355835,1.1282252073287964,1.7057440280914307,2.7867579460144043,3.657822608947754,4.511606216430664,5.1239190101623535,5.522468566894531,5.752583026885986,5.886386871337891,5.96505880355835,6.00698184967041,6.0305867195129395,6.04351806640625,6.050506591796875,6.054356575012207,6.056482791900635,6.057656288146973,6.058304309844971,6.05864953994751,6.058844566345215,6.058952331542969,6.0590105056762695,6.0590434074401855,6.059061050415039,6.059070587158203,6.059076309204102,6.059079170227051,6.059081077575684,6.05908203125,6.059082508087158,6.059082508087158,6.059082984924316,6.059082984924316,6.059082984924316,6.059082984924316,6.059082984924316,6.059082984924316,6.059082984924316
21,0.004600000102072954,0.005112588871270418,0.005648341961205117,0.006996405776590109,0.007576086092740297,0.008516122587025277,0.011386235244572163,0.013690488412976265,0.01679183728992928,0.02031148225069046,0.024974333122372627,0.029617149382829666,0.034915775060653687,0.04315982758998871,0.05341196432709694,0.06565883010625839,0.0779263749718665,0.10247161239385594,0.1314709484577179,0.17521856725215912,0.20769941806793202,0.20671837031841278,0.24342495203018188,0.2554023861885071,0.3105131983757019,0.34923502802848816,0.3938666880130768,0.500926673412323,0.6214706301689148,0.6976902484893799,0.7640299201011658,0.8787715435028076,0.986575722694397,1.2354174852371216,1.3885501623153687,1.6552753448486328,1.8440252542495728,2.0278453826904297,2.202687978744507,2.5283801555633545,2.8813202381134033,3.0587987899780273,3.2170915603637695,3.4788246154785156,3.7373375892639165,3.975925922393799,4.24412202835083
22,0.004600000102072954,0.0046101100742816925,0.0062494738958776,0.007075866684317589,0.008437534794211388,0.010035465471446514,0.011855224147439003,0.013357357122004032,0.014380889013409615,0.017406702041625977,0.019303102046251297,0.02451098896563053,0.028325319290161133,0.03162914142012596,0.03681250661611557,0.04160406067967415,0.04894540458917618,0.055127065628767014,0.06209930405020708,0.07914260774850845,0.08764827996492386,0.12233807146549225,0.1380151510238648,0.15464593470096588,0.19476154446601868,0.2242615669965744,0.2843819856643677,0.2974850833415985,0.3240165412425995,0.3421035408973694,0.37729519605636597,0.4369273781776428,0.4904519021511078,0.5762938261032104,0.6481937766075134,0.732457160949707,0.853431224822998,1.0719895362854004,1.2668380737304688,1.2175559997558594,1.3717783689498901,1.585815668106079,2.021723985671997,2.211056709289551,2.50412917137146,2.7211554050445557,2.880202531814575
23,0.004600000102072954,0.006225321441888809,0.008946037851274014,0.011057550087571144,0.013873407617211786,0.018545418977736983,0.025367822498083115,0.03148123621940613,0.04509919136762619,0.06709709018468857,0.08536945283412933,0.11397148668766022,0.14424954354762987,0.1798231452703476,0.23461325466632843,0.2899825870990753,0.3973086178302765,0.503257155418396,0.6604493260383606,0.8301254510879517,1.0693272352218628,1.369766354560852,1.6629377603530884,2.178719997406006,2.5875494480133057,2.9981894493103027,3.3781983852386475,3.9602653980255127,4.34757661819458,4.60690975189209,4.9740400314331055,5.19454288482666,5.352018356323242,5.452396869659424,5.585598945617676,5.652194976806641,5.729939937591553,5.759385585784912,5.786479949951172,5.812713623046875,5.836076259613037,5.848901748657227,5.860679626464844,5.87003231048584,5.879463195800781,5.8854169845581055,5.88838529586792
24,0.004600000102072954,0.008167073130607605,0.01422975119203329,0.0254267118871212,0.041974518448114395,0.0779307633638382,0.13678036630153656,0.23576714098453522,0.371303647756577,0.6292611956596375,1.1024484634399414,1.8395164012908936,2.804875135421753,3.631718873977661,4.498202800750732,5.075814247131348,5.476944446563721,5.687488079071045,5.81974458694458,5.890934944152832,5.936512470245361,5.962238788604736,5.978275299072266,5.987046718597412,5.992123126983643,5.995052337646484,5.997002601623535,5.998062610626221,5.998650074005127,5.999006748199463,5.999224662780762,5.999342918395996,5.99940824508667,5.99945068359375,5.99947452545166,5.9994893074035645,5.999497890472412,5.999502658843994,5.999505996704102,5.999507427215576,5.999508380889893,5.999508857727051,5.999509334564209,5.999509334564209,5.999509334564209,5.999509811401367,5.999509811401367
25,0.004600000102072954,0.007194322533905506,0.011177268810569796,0.019138123840093613,0.030266379937530008,0.045007072389125824,0.07538002729415894,0.11430387198925018,0.1929374784231186,0.2878179848194118,0.4681588709354396,0.6776970624923706,0.9633141160011296,1.36677885055542,1.9144831895828247,2.465540647506714,3.1428558826446533,3.889688491821289,4.474985599517822,4.925989627838135,5.294614791870117,5.517723560333252,5.678558349609375,5.812901496887207,5.892035961151123,5.945255756378174,5.978256702423096,6.006196975708008,6.023342609405518,6.035421848297119,6.042874813079834,6.047399044036865,6.050632953643799,6.052457332611084,6.05374002456665,6.054481029510498,6.055014610290527,6.055263042449951,6.055449485778809,6.055578231811523,6.05566930770874,6.055720806121826,6.055748462677002,6.055769920349121,6.055783271789551,6.055793285369873,6.05579948425293
26,0.004600000102072954,0.00570360291749239,0.006310958415269852,0.007383374962955713,0.008396747522056103,0.009827964007854462,0.011204717680811882,0.013583903200924397,0.017122380435466766,0.022181758657097816,0.02663963846862316,0.03566885367035866,0.040155790746212006,0.05144616961479187,0.057752612978219986,0.08472524583339691,0.10171062499284744,0.11988893151283264,0.13955733180046082,0.16925472021102905,0.18928532302379608,0.22254605591297139,0.2579203248023988,0.2831156551837921,0.3612138628959656,0.4229506850242615,0.5333650708198547,0.6284406781196594,0.7722232937812805,0.9478383660316467,0.9567103385925293,1.129716396331787,1.264947533607483,1.5293428897857666,1.8433849811553955,2.171933650970459,2.434889316558838,2.8560357093811035,3.0712718963623047,3.4183740615844727,3.662579298019409,3.9157872200012207,4.221108913421631,4.610840320587158,4.801828861236572,4.883608818054199,5.049455165863037
27,0.004600000102072954,0.005781018640846014,0.007320555858314037,0.009274965152144432,0.011259512044489384,0.014310222119092941,0.018826263025403023,0.023148037493228912,0.028225893154740334,0.03854871168732643,0.04925351217389107,0.06512925028800964,0.0774606466293335,0.0929342657327652,0.1165793314576149,0.1371152102947235,0.18213577568531036,0.2075091302394867,0.2890835404396057,0.3852640390396118,0.505814790725708,0.6462092399597168,0.8135572075843811,1.0170307159423828,1.1881773471832275,1.38821280002594,1.5888361930847168,2.0542633533477783,2.559263229370117,2.9609620571136475,3.3824868202209473,3.7969698905944824,4.281676769256592,4.5732741355896,4.822728157043457,5.05615234375,5.1966328620910645,5.306218147277832,5.379471778869629,5.481717586517334,5.549097061157227,5.622814178466797,5.674645900726318,5.732363700866699,5.76931619644165,5.801476001739502,5.813749313354492
28,0.004600000102072954,0.005529771093279123,0.005979010835289955,0.006695040501654148,0.007014499977231026,0.007728198543190956,0.00885383877903223,0.010213341563940048,0.011614390648901463,0.01299353688955307,0.01606684736907482,0.01899467408657074,0.021387629210948944,0.025448815897107124,0.03006318770349023,0.03273238241672513,0.03701473027467725,0.042375139892101316,0.04871157556772229,0.05860041081905368,0.06847234815359116,0.07240100204944608,0.09139431267976761,0.10412513464689255,0.11950170993804932,0.12713120877742767,0.13180123269557953,0.1367197483778,0.13590656220912933,0.15930774807929993,0.17407454550266266,0.2132497876882553,0.24495865404605865,0.29471439123153687,0.35046812891960144,0.437186598777771,0.468327134847641,0.51409512758255,0.5753443241119385,0.6316614747047424,0.7461631298065186,0.8184640407562256,1.016585350036621,1.0237723588943481,1.087020993232727,1.333591341972351,1.6183363199234009
29,0.004600000102073398,0.006460531149059978,0.009043549187481403,0.012512401677668095,0.01669002510607287,0.024966707453131676,0.03549315035343126,0.049716174602508545,0.06801711022853807,0.09640177339315414,0.14851690828800201,0.21854515373706818,0.3100651502609253,0.38758799433708147,0.5100836157798772,0.6548025012016296,0.8900989294052124,1.2463672161102293,1.5807293653488157,2.113205909729004,2.616976261138916,3.1262285709381104,3.3917930126190186,3.924119472503662,4.291167259216309,4.643337726593018,4.916936874389648,5.164928436279297,5.328156471252441,5.542114734649658,5.681004047393799,5.739087104797363,5.810409069061279,5.846827983856201,5.8893256187438965,5.911418914794922,5.930371284484863,5.945089340209961,5.956458568572998,5.9629316329956055,5.967146396636963,5.969897747039795,5.9727702140808105,5.975209712982178,5.976318359375,5.977259635925293,5.9780097007751465
30,0.004600000102072954,0.005306831561028957,0.005435937084257603,0.0061987945809960365,0.0068674106150865555,0.008066831156611443,0.009115423075854778,0.009005510248243809,0.010102473199367523,0.01115838810801506,0.011636259965598583,0.01323721930384636,0.01566634327173233,0.0177292637526989,0.020010335370898247,0.02112073265016079,0.023062128573656082,0.025235379114747047,0.028972020372748375,0.030162177979946136,0.03528627008199692,0.0390901118516922,0.04390351846814154,0.04814158007502556,0.05873521417379379,0.06714141368865967,0.08039956539869308,0.08166196942329407,0.08509840071201324,0.09032571315765381,0.0965256616473198,0.12090187519788742,0.13839955627918243,0.15455366671085358,0.1453985869884491,0.1709580272436142,0.19501662254333496,0.20255734026432037,0.21099264919757843,0.2458367496728897,0.28946611285209656,0.3054504692554474,0.3141249120235443,0.3233600854873657,0.36046668887138367,0.4685421586036682,0.510069727897644
31,0.004600000102072954,0.007363632321357727,0.012755317613482475,0.019940916448831558,0.03192509338259697,0.05079997330904007,0.07290764153003693,0.11377725750207901,0.16851158440113112,0.2533426880836487,0.3919195532798767,0.6206901669502254,0.9367584586143494,1.2654826641082764,1.8583834171295166,2.462000846862793,3.1686789989471436,3.925199031829834,4.522895336151123,4.993906021118164,5.326020240783691,5.55873441696167,5.687332630157471,5.788329601287842,5.845705509185791,5.881927967071533,5.900771141052246,5.917921543121338,5.926374912261963,5.932780742645264,5.936902046203613,5.939126014709473,5.940514087677002,5.94138240814209,5.941930294036865,5.942286014556885,5.942522048950195,5.942666530609131,5.942750453948975,5.94279670715332,5.942829608917236,5.942846775054932,5.942859172821045,5.942866325378418,5.942871570587158,5.942874431610107,5.94287633895874
32,0.004600000102072954,0.004935067612677813,0.006539908703416586,0.0080616045743227,0.009930608794093132,0.011995945125818253,0.014494510367512703,0.01770820841193199,0.02255360223352909,0.0318007729947567,0.03919475898146629,0.04855608940124512,0.061791472136974335,0.06989980489015579,0.0846366286277771,0.11111801117658615,0.1484508067369461,0.18731485307216644,0.2227291464805603,0.2751504182815552,0.3246940076351166,0.376388818025589,0.4309212267398834,0.5122078657150269,0.6370814442634583,0.7910544872283936,0.880593478679657,1.0675106048583984,1.2953749895095825,1.574278712272644,1.8720899820327759,2.0275886058807373,2.371022939682007,2.6277709007263184,3.010680675506592,3.145228624343872,3.3504481315612793,3.67689847946167,3.796295404434204,4.174014568328857,4.440375328063965,4.505044937133789,4.751666069030762,4.899306297302246,5.084371566772461,5.19892692565918,5.237483978271484
33,0.004600000102072954,0.005986299831420627,0.008171891793608665,0.010879267938435078,0.01302301324903965,0.01705951802432537,0.021715445443987846,0.029147468507289886,0.03974631801247597,0.05541304498910904,0.07087089121341705,0.09272689372301102,0.1208794042468071,0.16258166730403945,0.20666703581809953,0.28302502632141113,0.35245558619499207,0.4583091139793396,0.6483629941940308,0.9045056700706482,1.1379859447479248,1.458117961883545,1.8129417896270752,2.308790445327759,2.8930718898773193,3.3893420696258545,3.850301742553711,4.3155412673950195,4.577444076538086,4.839256286621094,5.085651397705078,5.337279796600342,5.466127395629883,5.607077598571777,5.698577880859375,5.764228343963623,5.851212024688721,5.9030070304870605,5.948086261749268,5.98652458190918,6.001363277435303,6.017362594604492,6.0302557945251465,6.035750389099121,6.0421552658081055,6.049347400665283,6.053856372833252
34,0.004600000102072954,0.005554722622036934,0.006453707814216614,0.007141404785215855,0.009157150983810425,0.010229951702058315,0.01131637766957283,0.014372260309755802,0.01792331226170063,0.021321915090084076,0.025219785049557686,0.02887728437781334,0.03235305845737457,0.03774092718958866,0.044962868094444275,0.05369393900036812,0.0659733936190604,0.07412131875753403,0.09069567173719395,0.11860907077789307,0.14338184893131267,0.17364773154258728,0.20600877702236176,0.24914218485355377,0.3648481070995331,0.43521448969841003,0.5246763825416565,0.6296209692955017,0.7015975117683411,0.8636206388473511,0.9688115119934082,1.2216013669967651,1.3595131635665894,1.4693043231964111,1.588976502418518,1.6726224422454834,1.7480932474136353,2.015883445739746,2.2907891273498535,2.6305346488952637,2.7349276542663574,3.095179319381714,3.404592275619507,3.6451735496520996,3.966280221939088,4.246860027313232,4.452312469482422
35,0.00460000010207251,0.006566667929291725,0.008776618167757988,0.012132384814321995,0.016649650409817696,0.02178720012307167,0.02807438373565674,0.03591715916991234,0.05215937271714255,0.0651094987988472,0.1032199114561081,0.14282943308353424,0.1924533694982533,0.27486860752105713,0.3525614142417912,0.49642813205718994,0.6998065114021301,0.8848056793212891,1.2077196836471558,1.4642999172210693,1.967695951461792,2.423975944519043,2.851794958114624,3.3169233798980713,3.9272162914276123,4.376645088195801,4.671885967254639,4.892627239227295,5.137790679931641,5.395710468292236,5.548006534576416,5.652909755706787,5.7606706619262695,5.815286636352539,5.869610786437988,5.90316104888916,5.940858364105225,5.969805717468262,5.993678092956543,6.007145404815674,6.019857406616211,6.029709815979004,6.035594463348389,6.039785861968994,6.0418524742126465,6.043962478637695,6.045083045959473
36,0.004600000102072954,0.0050516994670033455,0.005443428177386522,0.006311922799795866,0.0069284397177398205,0.006992414128035307,0.007194343954324722,0.007553318049758673,0.008279786445200443,0.008763688616454601,0.0093337781727314,0.009417656809091568,0.009944193065166473,0.01054470706731081,0.011816642247140408,0.011794310994446278,0.012527314014732838,0.014127356931567192,0.015530234202742577,0.01712113618850708,0.019746685400605205,0.021609503775835037,0.025038817897439003,0.029750315472483635,0.031447816640138626,0.03365880995988846,0.035584475845098495,0.042797401547431946,0.04282413050532341,0.0465020127594471,0.049325406551361084,0.05391376093029976,0.058460600674152374,0.0629221498966217,0.06639241427183151,0.07719717174768448,0.0834496021270752,0.09015751630067825,0.09061312675476074,0.09831855446100235,0.11141142249107361,0.11838429421186447,0.12172822654247284,0.13952818512916565,0.15762187540531158,0.19290518760681152,0.21867825090885162
37,0.004600000102072066,0.009407823905348778,0.019997453317045277,0.04001136869192212,0.08758413791656494,0.17748703062534332,0.37939146161079407,0.7817755937576294,1.4928333759307861,2.4057018756866455,3.7007758617401123,4.758061408996582,5.355087757110596,5.714059352874756,5.902921676635742,6.0021772384643555,6.055821895599365,6.082457542419434,6.096896648406982,6.104475021362305,6.108320713043213,6.110401630401611,6.1114277839660645,6.111970901489258,6.112241744995117,6.112380504608154,6.112452507019043,6.112491607666016,6.112511157989502,6.112521171569824,6.1125264167785645,6.112529277801514,6.112530708312988,6.1125311851501465,6.112531661987305,6.112531661987305,6.112532138824463,6.112532138824463,6.112532138824463,6.112532138824463,6.112532138824463,6.112532138824463,6.112532138824463,6.112532138824463,6.112532138824463,6.112532138824463,6.112532138824463
38,0.004600000102072954,0.0062389327213172585,0.008301977999508381,0.010824284516274485,0.012521772645413876,0.01748625934123993,0.021665386855602264,0.03038080967962742,0.039871811866760254,0.053582966327667236,0.06804199516773224,0.09253259003162384,0.12059151381254196,0.16927379369735718,0.2085305154323578,0.2839331328868866,0.3686601519584656,0.4709165692329407,0.6083880662918091,0.7815091609954834,1.005944609642029,1.257731556892395,1.5985116958618164,1.7156615257263184,2.0761473178863525,2.621393918991089,3.0903024673461914,3.390070915222168,3.941157341003418,4.083438396453857,4.531674385070801,4.8354692459106445,5.152458667755127,5.401390552520752,5.592702865600586,5.716346263885498,5.84792947769165,5.934983253479004,5.998529434204102,6.039196014404297,6.0719170570373535,6.089423656463623,6.116708755493164,6.139697074890137,6.155327320098877,6.167257785797119,6.176029205322266
39,0.004600000102072954,0.009963560849428177,0.024331433698534966,0.05617307499051094,0.1283969134092331,0.2771136462688446,0.6233164668083191,1.3386762142181396,2.3610622882843018,3.6641993522644043,4.610948085784912,5.209506034851074,5.565131187438965,5.746460914611816,5.836108684539795,5.889840602874756,5.91660213470459,5.9280924797058105,5.9354681968688965,5.939299583435059,5.941229343414307,5.942164421081543,5.942663192749023,5.942927837371826,5.943052768707275,5.943119525909424,5.943153381347656,5.943170547485352,5.943179607391357,5.9431843757629395,5.943187236785889,5.943188667297363,5.9431891441345215,5.94318962097168,5.94318962097168,5.94318962097168,5.943190097808838,5.943190097808838,5.943190097808838,5.943190097808838,5.943190097808838,5.943190097808838,5.943190097808838,5.943190097808838,5.943190097808838,5.943190097808838,5.943190097808838
40,0.004600000102072954,0.0048888144083321095,0.005948234349489212,0.006747144274413586,0.008355604484677315,0.011105339974164963,0.013425723649561405,0.015575140714645386,0.019958972930908203,0.024919111281633377,0.02728610299527645,0.0329870767891407,0.034757062792778015,0.04020119830965996,0.04263537377119064,0.05741472914814949,0.06654850393533707,0.08177506178617477,0.10282973945140839,0.11542141437530518,0.14485003054141998,0.1793689876794815,0.24473713338375092,0.2900599539279938,0.3521561920642853,0.4268731474876404,0.4554117023944855,0.6036139130592346,0.8001861572265625,0.9142889976501465,1.0887625217437744,1.2483279705047607,1.470716118812561,1.5586445331573486,1.7665684223175049,2.1275851726531982,2.355506181716919,2.627060651779175,2.9928810596466064,3.4037208557128906,3.5897927284240723,3.8660972118377686,4.007857322692871,4.351237773895264,4.488192558288574,4.682855129241943,4.870800495147705
41,0.004600000102072954,0.007640803698449883,0.011886583641171455,0.019278939813375473,0.03153310716152147,0.05200185999274298,0.08775363117456436,0.134506955742836,0.23239126801490828,0.33561685681343034,0.48892486095428467,0.7514947652816772,1.0931204557418819,1.5384550094604492,2.0508029460906982,2.761538505554199,3.461125612258911,3.931781053543091,4.600124835968018,4.996060848236084,5.359378337860107,5.5716872215271,5.694404125213623,5.797833442687988,5.8596649169921875,5.889949798583984,5.912064552307129,5.933871746063232,5.945556163787842,5.9534077644348145,5.957637310028076,5.960695266723633,5.962427616119385,5.963956356048584,5.964937686920166,5.965514183044434,5.965822696685791,5.966015338897705,5.966168403625488,5.966236114501953,5.966297626495361,5.96633243560791,5.9663519859313965,5.966362953186035,5.966370105743408,5.966373920440674,5.9663777351379395
42,0.004600000102072954,0.005255008116364257,0.007198431994765997,0.00920194759964943,0.011858881451189518,0.013323988765478134,0.017092198133468628,0.019447794184088707,0.02503289468586445,0.03211887180805206,0.04158273711800575,0.05179110914468765,0.06881466507911682,0.08538616448640823,0.103550985455513,0.13570085167884827,0.1593216210603714,0.2045413702726364,0.2472541332244873,0.2890304923057556,0.37563827633857727,0.46875083446502686,0.6334958076477051,0.8212356567382812,0.9643298983573914,1.1888009309768677,1.3851840496063232,1.5032488107681274,1.8709665536880493,2.1058826446533203,2.385831356048584,2.6802988052368164,2.986295461654663,3.232429265975952,3.479896068572998,3.8759701251983643,4.143128871917725,4.38427209854126,4.580772876739502,4.758275508880615,4.924649238586426,5.1695637702941895,5.3559064865112305,5.483675479888916,5.623982906341553,5.735592842102051,5.786237716674805
43,0.004600000102072954,0.006852080579847097,0.009364372119307518,0.013369277119636092,0.020491303876042366,0.028009330853819847,0.04368182644248053,0.059338245540857315,0.08687561750411987,0.11997899413108826,0.1820812821388249,0.250445693731308,0.373895525932312,0.5710024833679199,0.791145384311676,1.0679882764816284,1.4447007179260254,1.887275218963623,2.4491965770721436,2.9249320030212402,3.5748987197875977,4.001955509185791,4.5086894035339355,4.83695650100708,5.132286071777344,5.421315670013428,5.603116989135742,5.747167587280273,5.844928741455078,5.9031596183776855,5.943475246429443,5.972988605499268,5.994007110595703,6.007424831390381,6.016110897064209,6.021235942840576,6.026193141937256,6.029492378234863,6.031073570251465,6.0326457023620605,6.033626079559326,6.0342936515808105,6.034701824188232,6.034991264343262,6.035224437713623,6.035348892211914,6.03546667098999
44,0.004600000102072954,0.005984344985336065,0.007970198057591915,0.009473026730120182,0.011486859992146492,0.017204707488417625,0.019920019432902336,0.026147054508328438,0.028641007840633392,0.03500363603234291,0.045744508504867554,0.06197782978415489,0.07791289687156677,0.0988149642944336,0.12052938342094421,0.1631653755903244,0.22925356030464172,0.29890257120132446,0.3346644937992096,0.389614462852478,0.47638994455337547,0.5768711566925049,0.6807025074958801,0.930073618888855,1.273788332939148,1.5366116762161255,1.7561395168304443,2.1327428817749023,2.503335475921631,2.904202699661255,3.2004945278167725,3.6629183292388916,3.9350733757019043,4.380399227142334,4.674203395843506,4.912105083465576,5.058948516845703,5.2647576332092285,5.400552272796631,5.560232162475586,5.666865348815918,5.733656883239746,5.7866010665893555,5.852486610412598,5.875607967376709,5.906492710113525,5.9178571701049805
45,0.004600000102072954,0.00898349191993475,0.014509929344058037,0.023633189499378204,0.04066801816225052,0.06413713097572327,0.10848036408424377,0.1645508110523224,0.2455824464559555,0.3608853220939636,0.6105421185493469,0.970379114151001,1.415473461151123,2.0596723556518555,2.762253999710083,3.501680850982666,4.115123271942139,4.737452507019043,5.163018226623535,5.374783515930176,5.5904669761657715,5.716109275817871,5.781317234039307,5.82229471206665,5.845101356506348,5.8615593910217285,5.871102809906006,5.877040863037109,5.880555152893066,5.883049011230469,5.884321212768555,5.885021686553955,5.8855462074279785,5.8858323097229,5.8859968185424805,5.886093616485596,5.886167049407959,5.886208534240723,5.886231422424316,5.886245250701904,5.886252403259277,5.886257648468018,5.886260509490967,5.8862624168396,5.886263370513916,5.886263847351074,5.886264324188232
46,0.004600000102072954,0.004954832140356302,0.005621648859232664,0.006077838595956564,0.0072619253769516945,0.007849762216210365,0.0075301518663764,0.008784293197095394,0.010472288355231285,0.011633409187197685,0.013302111998200417,0.014987214468419552,0.016773713752627373,0.01896195486187935,0.021239422261714935,0.023639671504497528,0.02837940864264965,0.03198722004890442,0.04005264863371849,0.044012729078531265,0.05346885323524475,0.06505292654037476,0.07298537343740463,0.07486633211374283,0.08669839054346085,0.10062537342309952,0.10878266394138336,0.109779492020607,0.1249915286898613,0.129985049366951,0.14692045748233795,0.15554450452327728,0.19124500453472137,0.20958206057548523,0.2259346842765808,0.23242805898189545,0.2535267770290375,0.27767953276634216,0.307735800743103,0.3278961181640625,0.381585955619812,0.46946069598197937,0.5121029019355774,0.5976148843765259,0.692422091960907,0.8027576804161072,0.9784746170043945
47,0.004600000102072947,0.004773123189806945,0.005065805278718465,0.005156883504241705,0.006375533994287252,0.00745738809928298,0.0073516941629350185,0.008248947560787201,0.00856766290962696,0.010641633532941341,0.011806431226432323,0.012507366016507149,0.015733540058135986,0.015370074659585953,0.017109356820583344,0.020255085080862045,0.020008929073810577,0.02093568630516529,0.021006086841225624,0.024563033133745193,0.026619624346494675,0.026866164058446884,0.030729245394468307,0.03783086687326431,0.04023643583059311,0.048691269010305405,0.05665470287203789,0.06308437883853912,0.06490810215473175,0.06927625089883804,0.07268087565898895,0.08500903844833374,0.08906588703393936,0.09261368960142136,0.10218550264835358,0.11132171005010605,0.1138441413640976,0.12672007083892822,0.1284903585910797,0.13110370934009552,0.12756675481796265,0.13220591843128204,0.1379450112581253,0.15634015202522278,0.16532421112060547,0.188935786485672,0.20336323976516724
48,0.004600000102072954,0.006319685839117017,0.008183337748050246,0.011419916525482687,0.017424704506993294,0.02346084639430046,0.03267973288893744,0.04271692410111427,0.05154247581958771,0.06469304114580154,0.08799826353788376,0.11908701807260513,0.1665571630001068,0.2089940458536148,0.2726705074310303,0.38233956694602966,0.5405269265174866,0.6601609587669373,0.8006044626235962,1.0947538614273071,1.315075159072876,1.59549880027771,2.0082247257232666,2.4109411239624023,2.875100612640381,3.275606393814087,3.7083184719085693,4.130099773406982,4.45924186706543,4.725244522094727,5.011113166809082,5.255774021148682,5.4360151290893555,5.524788856506348,5.651859283447266,5.719743251800537,5.760517120361328,5.813750743865967,5.838159084320068,5.852901458740234,5.8729329109191895,5.881986141204834,5.890101909637451,5.897514343261719,5.9020161628723145,5.907110214233398,5.9097371101379395
49,0.004600000102073065,0.005181797780096531,0.006432499270886183,0.008026662282645702,0.009716327302157879,0.012591122649610043,0.01468237116932869,0.01585167646408081,0.01770411618053913,0.02249032072722912,0.023825282230973244,0.029864557087421417,0.032070547342300415,0.03875470533967018,0.04204043745994568,0.04505201429128647,0.05367307364940643,0.07148604094982147,0.07919972389936436,0.08735418319702137,0.10552462935447693,0.13192932307720184,0.16614122688770294,0.2172783464193344,0.25446781516075134,0.29595938324928284,0.35228607058525085,0.3440448045730591,0.452542245388031,0.5240997672080994,0.6459195017814636,0.7672935128211975,0.9294452667236328,1.0726165771484375,1.2054120302200317,1.4338665008544922,1.524126410484314,1.597333550453186,1.691072940826416,1.9736136198043823,2.1765711307525635,2.5173513889312744,2.7649145126342773,3.0699732303619385,3.503826141357422,3.6750924587249756,3.891545057296753
50,0.004600000102072954,0.005858088843524456,0.007636419963091612,0.010239453054964542,0.0135805644094944,0.01716095395386219,0.022481152787804604,0.030586518347263336,0.040429115295410156,0.05104632303118706,0.06593593209981918,0.08353505283594131,0.10812880843877792,0.13321609795093536,0.15465912222862244,0.21072344481945038,0.2764725387096405,0.3589617609977722,0.45498931407928467,0.5908728241920471,0.7109081745147703,0.8487365245819092,1.0448909997940063,1.3207120895385742,1.702458143234253,2.1303465366363525,2.5650179386138916,2.960873603820801,3.2865941524505615,3.8740384578704834,4.235540866851807,4.488200664520264,4.708573818206787,5.001516819000244,5.2933197021484375,5.463571548461914,5.60470724105835,5.698827743530273,5.790655136108398,5.862365245819092,5.908993244171143,5.951196193695068,5.981939792633057,6.005453586578369,6.019752502441406,6.035046100616455,6.042276859283447
51,0.004600000102072954,0.00535594392567873,0.0064687589183449745,0.00690445164218545,0.008685637265443802,0.010574284940958023,0.012541351839900017,0.015730326995253563,0.018695034086704254,0.02227289415895939,0.02528270147740841,0.029842708259820938,0.03590572997927677,0.039599157869815826,0.04646696895360947,0.057537510991096386,0.07534676790237427,0.08949585258960724,0.10513342171907425,0.10677803307771683,0.13316509127616882,0.16965785622596752,0.20263487100601196,0.25244244933128346,0.31103646755218506,0.3667954206466675,0.44003236293792725,0.5156647562980652,0.6076750755310059,0.768292248249054,0.9152011275291443,0.9904466867446899,1.0667731761932373,1.2484816312789917,1.4953030347824097,1.7681469917297363,1.8852204084396362,2.166537046432495,2.485391139984131,2.7986419200897217,3.0340452194213867,3.360431671142578,3.5266828536987305,3.9195590019226065,4.178421974182128,4.370630741119384,4.506573677062988
52,0.004600000102072954,0.006107109598815885,0.009990409947931767,0.01459018886089325,0.019464412704110146,0.03132214397192001,0.04343662038445473,0.06923004239797592,0.10854398459196046,0.15367527306079865,0.19374938309192657,0.3001079261302948,0.464968323707581,0.6464142799377441,0.9324391484260564,1.2231217622756958,1.7270948886871338,2.2204349040985107,2.802074909210205,3.2405364513397217,3.840947389602661,4.277507305145264,4.66050910949707,5.069775581359863,5.330684661865234,5.50060510635376,5.662234306335449,5.733987808227539,5.817629337310791,5.865337371826172,5.8896098136901855,5.917165756225586,5.931361675262451,5.9418463706970215,5.9483442306518555,5.952289581298828,5.95573616027832,5.95789909362793,5.95977783203125,5.960803985595703,5.961638927459717,5.9621076583862305,5.962608814239502,5.962925434112549,5.963114261627197,5.963205337524414,5.963301181793213
53,0.004600000102073398,0.006466127000749111,0.009206293150782585,0.012599202804267406,0.017492081969976425,0.020912103354930878,0.02976394072175026,0.04277224466204643,0.05946436524391174,0.07898484915494919,0.11716432869434357,0.16121017932891846,0.21324323117733002,0.30130583047866777,0.4236519634723668,0.5379141569137573,0.6756681203842163,0.8493437170982361,1.0802447795867918,1.395799994468689,1.741642713546753,2.217000961303711,2.6913721561431885,3.193311929702759,3.5293681621551514,3.9151830673217773,4.378016948699951,4.773256301879883,5.114791393280029,5.3918633460998535,5.5654497146606445,5.7013421058654785,5.800412178039551,5.870119094848633,5.92197847366333,5.9530029296875,5.974259376525879,5.995192050933838,6.012415885925293,6.020663738250732,6.026607990264893,6.034092903137207,6.04062032699585,6.044027328491211,6.047515869140625,6.049972057342529,6.051623344421387
54,0.004600000102072954,0.006912538316100836,0.011770390905439854,0.01583285816013813,0.024568669497966766,0.04030517116189003,0.06152315437793732,0.09432719647884369,0.13514028489589647,0.20727264881134033,0.3226143717765808,0.44498729705810547,0.6670098900794983,0.8754864931106567,1.3077545166015625,1.8725597858428955,2.4798920154571533,3.118502378463745,3.7325363159179688,4.223519802093506,4.6257171630859375,5.075974941253662,5.397170543670654,5.578400135040283,5.707395553588867,5.826075077056885,5.887862682342529,5.929366588592529,5.9518632888793945,5.972468852996826,5.98544979095459,5.993611812591553,5.998323917388916,6.00221586227417,6.004166126251221,6.005494117736816,6.006444454193115,6.0070366859436035,6.00740909576416,6.007676124572754,6.007869243621826,6.0079803466796875,6.00803804397583,6.008094310760498,6.008119106292725,6.0081400871276855,6.008155345916748
55,0.004600000102072954,0.004571492783725262,0.004917708691209555,0.005185308400541544,0.00593399815261364,0.006894800812005997,0.007751168683171272,0.007421556394547224,0.007060830947011709,0.00816485844552517,0.008482568897306919,0.009616062976419926,0.010929438285529613,0.011029102839529514,0.012644225731492043,0.014985521323978901,0.01732749119400978,0.017833124846220016,0.019215885549783707,0.02107996866106987,0.0231337733566761,0.02580573596060276,0.026929916813969612,0.02943441830575466,0.03115159459412098,0.03982476517558098,0.038730546832084656,0.039439644664525986,0.03870321065187454,0.04380585998296738,0.048303309828042984,0.04795240983366966,0.048944517970085144,0.05395336076617241,0.054213255643844604,0.05699552595615387,0.06136026978492737,0.06980881839990616,0.08598262071609497,0.09518083184957504,0.10406113415956497,0.11788549274206161,0.12073799967765808,0.12994006276130676,0.12360475212335587,0.14002439379692078,0.15381447970867157
56,0.004600000102073398,0.007162570487707853,0.009560460224747658,0.01407506875693798,0.020333899185061455,0.026002703234553337,0.03802981227636337,0.053636714816093,0.06807631254196167,0.09341129660606384,0.1306999772787094,0.18612171709537506,0.25785475969314575,0.3472200334072113,0.4041563272476192,0.5090543627738953,0.6487358212471008,0.8237463235855103,1.097439169883728,1.4738987684249876,1.868998408317566,2.355076551437378,2.7842907905578613,3.136854648590088,3.5423121452331543,3.991438150405884,4.422388553619385,4.722700595855713,5.02023458480835,5.293828964233398,5.4509782791137695,5.589130401611328,5.697532653808594,5.7593464851379395,5.859350204467773,5.919021129608154,5.955050945281982,5.98762845993042,6.0032124519348145,6.0134382247924805,6.021834373474121,6.032745838165283,6.039369106292725,6.042819023132324,6.0463337898254395,6.0484619140625,6.050262928009033
57,0.004600000102072954,0.005998090375214815,0.007176803890615702,0.009172228164970875,0.012411379255354404,0.01630200818181038,0.02173491381108761,0.02752157673239708,0.033482976257801056,0.043048493564128876,0.055678170174360275,0.07271119207143784,0.09293720871210098,0.11830134689807892,0.13612689077854156,0.1780538707971573,0.20406079292297363,0.2390240877866745,0.2720581889152527,0.34800291061401367,0.4258931875228882,0.535799503326416,0.7081729769706726,0.8497162461280823,0.9943598508834839,1.2166180610656738,1.5650441646575928,2.0207488536834717,2.4079995155334473,2.8390581607818604,3.233449935913086,3.416170835494995,3.6659250259399414,3.9438610076904297,4.142547130584717,4.538234710693359,4.861743927001953,5.10982084274292,5.268204212188721,5.469082832336426,5.613393783569336,5.739510536193848,5.800930500030518,5.842282772064209,5.89778470993042,5.927700996398926,5.974621295928955
58,0.004600000102072954,0.00713053485378623,0.009738938882946968,0.013448618352413177,0.02048245631158352,0.030257010832428932,0.043122936040162596,0.06640508770942688,0.08777326345443726,0.12247253954410553,0.17612138390541077,0.23986271023750305,0.3106151819229126,0.46373897790908813,0.6032820343971257,0.7808504700660706,1.1391687393188477,1.5346912145614624,2.015807867050171,2.6074535846710205,3.0738577842712402,3.6110787391662598,4.144311904907227,4.540665149688721,4.848572254180908,5.140829563140869,5.3293938636779785,5.563824653625488,5.733033657073975,5.869119167327881,5.957773208618164,6.021327018737793,6.067578315734863,6.099429130554199,6.1245269775390625,6.147444725036621,6.159951210021973,6.166652202606201,6.173269748687744,6.177330493927002,6.180987358093262,6.183082103729248,6.184675693511963,6.185290336608887,6.18588399887085,6.186324119567871,6.186752796173096
59,0.004600000102072954,0.005678196903318167,0.006631921511143446,0.007532840128988028,0.009525318630039692,0.010218880139291286,0.011066245846450329,0.012861935421824455,0.014546255581080914,0.017018985003232956,0.01968960091471672,0.02439948357641697,0.02884826436638832,0.03160194680094719,0.032782476395368576,0.04208151251077652,0.04309205710887909,0.049257542937994,0.05508330836892128,0.06121833249926567,0.06902578473091125,0.07964280247688293,0.10540364682674408,0.11280492693185806,0.1300802379846573,0.156912699341774,0.17155177891254425,0.18535573780536652,0.22210578620433807,0.25609537959098816,0.2738318145275116,0.3011934459209442,0.3762609660625458,0.4178383946418762,0.46246644854545593,0.5140175819396973,0.5357160568237305,0.6303083896636963,0.7372900247573853,0.8338749408721924,0.9793351292610168,1.0421141386032104,1.118574857711792,1.331031084060669,1.5095374584197998,1.6718722581863403,1.8926856517791748
