,47,48,49,50,51,52,53,54,55,56,57,58,59,60,61,62,63,64,65,66,67,68,69,70,71,72,73,74,75,76,77,78,79,80,81,82,83,84,85,86,87,88,89,90,91,92,93,94,95,96,97,98,99,100,101,102,103,104,105,106,107,108,109,110,111,112,113,114,115,116,117,118
0,5.878357429216151,5.912063484444291,5.987317690821739,5.957495243702003,6.104720264242543,6.201214348024049,6.127427526012003,6.16361626037089,6.123729302861845,6.189227547601988,6.22198819179735,6.289190150254654,6.294398879783095,6.346782579752809,6.361452982014136,6.318854673496253,6.297123609218345,6.376101058541874,6.360460931918253,6.376304091193683,6.343759070357615,6.341453569106546,6.368520322308972,6.336428327879914,6.289382201461375,6.374802687076271,6.292005653381885,6.309097945338109,6.243561556134189,6.25275725533861,6.247059366803168,6.282652247381602,6.269589067840673,6.279894157042935,6.256381062888945,6.262195885311773,6.210330756280655,6.192421816382809,6.21982598554127,6.144723544949537,6.193207907772931,6.169788457792688,6.1753968322720345,6.167985363389857,6.181701714805303,6.106019132459279,6.152323785167351,6.109286918352811,6.11758069128401,6.1271490615710915,6.1372544596106415,6.10233287358405,6.102013770641332,6.107964799087576,6.111544094995772,6.07793210713105,6.0855073197063,6.069703419817103,6.059493479003588,6.054901969253789,6.063577013571547,6.065923264915919,6.049539675601879,6.073924462730793,6.056415429926069,6.037540461434136,6.043275773072018,6.053528189257733,6.049529089393125,6.038570255855157,6.022950087397112,6.024725886213514
1,6.130822698413905,6.070995739914965,6.056046581060643,6.037548968217639,5.983858854555179,6.004294847767561,6.051055639655335,6.048322750449181,6.083175356513786,6.045498649324846,6.049558568530145,6.024870685295964,6.060264617131533,5.983596191187892,6.008970282342179,5.996564239700479,6.050589517253613,5.970478228910412,5.991385512386235,5.9661840202401315,5.951439370686401,5.945048992243034,5.9566768945796476,5.989944209197186,6.0145557183727325,5.93807680836589,5.986964772524139,5.962155284404708,6.025983518166265,6.003163296508937,6.01835724182889,5.997576525032077,5.977951194022792,5.979288926647514,5.97575566556848,5.9594459142899945,5.975742760651514,5.975552852069561,5.944804516246512,5.990796316430322,5.973914429768888,5.984045651769491,5.961454624070243,5.966333064041349,5.961971718474034,5.9977358684655755,5.949271121935027,5.986545705614818,5.9648091793957745,5.964290201050828,5.958023428460635,5.987547280961342,5.979135521283408,5.977003996231493,5.987232167871908,5.979402767068419,5.987519659097261,5.986344013070341,5.998668516373254,5.995001738555351,5.9878143282047205,5.979800241182708,5.9955254104225455,5.979128635314891,5.98822218665795,5.9959374144228335,5.9974730616562955,5.98487664909695,5.985594111106262,5.992921753980205,5.993460274824441,5.998914094573765
2,4.109092515524858,4.238794158812221,4.404461974666541,4.558596524662711,4.679767098149293,4.690905780201683,4.733238557402157,4.824513022850987,4.948919766371917,5.000627326244821,5.057370532713697,5.172481965618478,5.143523348990003,5.269900254316413,5.261604608036735,5.389928247463574,5.367955473138499,5.472957912624032,5.482051206927717,5.527381147018334,5.570935300716801,5.637295583299932,5.64251943178935,5.615545322099021,5.667066911652163,5.686444082680136,5.707394620210927,5.733358646595161,5.7166871467201394,5.739582540358935,5.767436753680538,5.8138553873731995,5.823565312693627,5.8283400947002955,5.85610417320526,5.847352139241516,5.851805627208083,5.879706833410425,5.911320570289822,5.885156834962311,5.885678195802124,5.9006506855849326,5.9271497304948255,5.920682674610303,5.916267228629999,5.9382970479768,5.970762016989883,5.937488969137649,5.952277199875717,5.963646090072627,5.95838767468882,5.96711358385687,5.975828972581467,5.968581451536197,5.960849999484326,5.986195679130013,5.966956751190849,5.986051021157611,5.968705607899559,5.990916326438777,5.983736464334948,6.003876003590657,5.987778189421466,5.997239809046149,5.99563713130712,5.995365251950852,5.987601955788282,5.993370229951827,6.003165303765221,6.001308760218339,6.009025105016206,6.005596682925062
3,2.461164787146009,2.5013588058647693,2.587599455068716,2.5929226324109664,2.833489453768581,3.069989143382522,3.101037667920968,3.243125779011391,3.3018281606442264,3.394783043542107,3.5327298017435513,3.683316895758853,3.867341359015541,3.874950828879129,4.0459650028324745,4.008312975614608,4.1637333901540385,4.214795495777567,4.320574476330554,4.320682246161171,4.3483735831859445,4.373649975477029,4.478892389317072,4.605350519199742,4.628644014655974,4.73097851526441,4.714599838019622,4.770609366593831,4.864268865519718,4.926715757659847,4.995671272589591,5.049461411339789,5.066899369607544,5.1417607131833485,5.153477685549841,5.2193263279584,5.2367822515926,5.213549760084839,5.261067517331382,5.278488381486868,5.394953803553788,5.420624784224537,5.433021775780136,5.479835104030557,5.534129302975442,5.494448261040877,5.518465056943084,5.578411066540652,5.596607279449256,5.629581361100878,5.665941186603857,5.6754020780598955,5.692849335755465,5.731783602551273,5.760288165853145,5.701061742381985,5.773460367987215,5.753565860167051,5.80554503883834,5.803909615860854,5.832327098904053,5.8326703987055195,5.857639593480924,5.870865750140566,5.877354988805306,5.885043491801052,5.9130136444357,5.917148962533747,5.917565330979714,5.919081694622385,5.909505093327669,5.941337448662126
4,3.8409118111695593,3.9736333968570374,4.169525803889059,4.363478259869392,4.4720447993613215,4.445844531482122,4.517409719704303,4.620160349693881,4.78646497161581,4.820423036420536,4.881901135016317,5.0087197017638285,4.959378353462644,5.09681611637247,5.081137113584479,5.2492078781532845,5.231372836254491,5.335849043429864,5.341808001700931,5.392670138914263,5.454003068565388,5.539265155751541,5.5305704518208305,5.5021195249392365,5.577378026610434,5.572776628170064,5.622959733385358,5.645890418956246,5.642987137480792,5.663284275783378,5.700051966911409,5.7458240877611075,5.759243542611255,5.755750128575031,5.7976403058591295,5.780017554756507,5.800677881501029,5.84020953335553,5.86790674360909,5.854977102094293,5.839508830210504,5.864455745599618,5.89382752368668,5.88393301073572,5.870247724928746,5.920930351685239,5.945309131895791,5.9136838218713,5.930082524934406,5.941523732595755,5.928716662515169,5.950333183581123,5.959898015015426,5.946286560485496,5.935823242003744,5.976989096903755,5.9481329332835395,5.97515118072577,5.955619352945854,5.9859971201602376,5.972386951125077,5.996003269613107,5.978827775862611,5.984329351515462,5.987620320661968,5.990036550235917,5.978556310377748,5.981968080243561,5.995747000145339,5.9964739980058805,6.009680408179665,6.00413803619045
5,6.220382678254676,6.203384742273942,6.110200957136198,6.049398965130619,6.01970435212106,6.133651702326934,6.140062603912995,6.123263531898292,6.1047660136415125,6.114826758714511,6.111020520848272,6.071790867193743,6.170338429988188,6.08293647800238,6.120280519633214,6.0561305506209715,6.095749622461398,6.0195675998037474,6.078989639116598,6.034239324359753,5.993021778692379,5.955434835577782,6.007705986508705,6.056266494955089,6.051805500321784,6.008248863090666,6.011034189138293,5.998097219499285,6.047310046449604,6.036418291566661,6.038027112627258,6.025034423293169,5.9951298855455235,6.026866910519795,5.998705210378982,6.0057185046002255,5.990944636927428,5.971665169711691,5.954255608677883,5.982728714467282,5.996974080763609,5.99064378554036,5.962520795651534,5.9796777736557045,5.999483037989483,5.9882070601574116,5.955220336476558,5.993953507028878,5.96512886974771,5.964396039946269,5.978543298865869,5.989192582967139,5.979150530800162,5.992790148262473,6.007565317933145,5.970829769054994,6.002056450615667,5.989677735796842,6.005193916164824,5.986686902517868,5.9910919130146345,5.9792671635464725,6.000572482233975,5.98783359866653,5.987899271127086,5.997891745088372,6.005153189404625,5.996265292354928,5.9895884325930515,5.992785799570271,5.986189207815411,5.996902796031764
6,6.22880708688742,6.224338805724077,6.1291524338829495,6.108510004614956,6.064027141680246,6.126870260601976,6.150856074582287,6.138863116559079,6.153720423402911,6.133390620672337,6.121584284109694,6.0938674085173234,6.1685226779677595,6.091038351288831,6.113248522384562,6.077414633399293,6.112251276645697,6.028446232071087,6.087829252763793,6.02917305110554,6.009916689543848,5.9869988738087025,6.012789832627857,6.062465246347572,6.071568660868284,5.998773698246369,6.018584234077462,5.999373265832034,6.055921408612444,6.0393477134471025,6.043651569291476,6.028025115414531,5.997463471560058,6.018615639143798,6.004118345410479,6.0047734886521615,6.001038959429375,5.984669150948478,5.964817697472591,5.999030683897449,5.998880500757654,5.99754025337346,5.96843672088291,5.9812547042571715,5.9903902826343,6.001402763400382,5.961968565166161,5.996037958441883,5.9718068767657115,5.96789780110141,5.978285964164407,5.995940946876719,5.984646615183257,5.992558021339911,6.001630017028719,5.979012590888499,6.0036115011720055,5.9943738759293765,6.004647009644473,5.993744338342166,5.991087640164662,5.981744960037336,5.999821799612211,5.984395431531306,5.9876056512920774,5.999839126443546,6.003816182674982,5.992957685200287,5.988425563860166,5.992175571297682,5.991103592490133,5.998593311706021
7,5.932958749862968,5.735035078141564,5.877545255258036,5.611828986625743,5.693668200031164,5.993486427052522,5.9316375067662666,5.925044387445548,5.774370378435589,5.919666065577698,6.005718209319323,5.949415563528252,6.066794767522781,5.95937979115585,6.076992194111651,5.917977459614874,6.008894546057066,6.0211526000153786,5.983295436185404,6.094719893147148,5.93915828901084,5.871472957581542,6.032750846897364,6.017757489488335,5.964874607048538,6.094279737575843,6.046506329994544,6.060092847250856,6.0580331023366805,6.063775320871413,6.074379357271456,6.080450212090889,6.072380366600796,6.113838997713584,6.034985765398109,6.035147869941249,5.988758997441247,5.989906826722563,5.971280757084965,5.965005235880287,6.030488573600463,6.0158191969413854,6.011008497201206,6.02380123823936,6.069635504107551,5.975758604927375,5.97587120824973,6.022557831510137,5.979670019857152,6.007028299494208,6.0030846874685615,5.993084954558277,5.995159794988473,6.013934565814571,6.060581186129906,5.976022754116555,6.000656495379654,5.986824798465283,6.026015311125509,5.987436224898523,6.01733413077622,5.998582952039765,6.0213064785413355,6.0304173912922545,6.020776505693392,6.000224758877286,6.018741041638468,6.019892270971179,6.014045822100081,6.018151601660532,5.981482888956213,6.002799060865005
8,6.081611318747207,5.993663858286125,6.008104144244802,5.984853107596469,5.92726449839428,5.931696771021232,5.987729202790341,5.988592242306328,6.027260178581684,5.981647961290735,5.9930079732665735,5.9673479336532536,5.990353019714295,5.909687516082231,5.941179735813464,5.932373694933828,5.999749245445436,5.917813943115021,5.922606379277421,5.910634761070099,5.898526615164115,5.896842503813188,5.9028582505950755,5.933284618332938,5.962550151566979,5.887149414426472,5.947363989241253,5.920456606171281,5.9900466173922515,5.965574119143822,5.9857929985739515,5.961406851629396,5.948030506153826,5.941505035198145,5.942507992054854,5.921087898053636,5.947501406799958,5.952260579133679,5.9168155182803375,5.969620791908754,5.94787349867771,5.96332108629007,5.943395273529602,5.9466595545104495,5.937559611546463,5.982385604805938,5.929441643579984,5.971107455796506,5.951277479358935,5.952329208818969,5.939944600827031,5.973971271485384,5.967342047638685,5.962193095886481,5.973557863805319,5.97060091167505,5.974041297929147,5.9751002730050455,5.990563809562876,5.989006925670489,5.981279616784643,5.973000821508343,5.988953613102177,5.972167981002044,5.984251789121798,5.9902291298970205,5.9918333685759135,5.9785818045796075,5.981161063865999,5.990144265041913,5.991094800545337,5.9965025230506095
9,6.0818185530885005,5.993999127182876,6.008314503965274,5.985087812124444,5.927513945783167,5.9320163797550975,5.988009236942184,5.9888553859017675,6.027507863421558,5.981934387442427,5.993261814461967,5.967603853318637,5.99066089055687,5.910016767942182,5.941478632865578,5.93266216695382,5.999974394504944,5.918050559059608,5.922912287327856,5.910886950767584,5.898766294601825,5.897062072637964,5.903103762394235,5.933538135179096,5.9627849968789945,5.887379827066591,5.947546088888137,5.920648522016701,5.99021028041,5.9657454748394665,5.985941477085858,5.961571667763009,5.948168413917594,5.941677371917558,5.942659982922826,5.921260957847687,5.947629510458816,5.952369345074687,5.916945009231672,5.969719824961949,5.947991368066843,5.963415622459449,5.943479252336603,5.946750093938905,5.937670690812919,5.982457923017845,5.929534480447222,5.971179566121248,5.9513403925366095,5.9523851375095544,5.940026447285429,5.97403349576719,5.967396703807266,5.9622603199810325,5.973619674262245,5.970643189872888,5.974101838947496,5.975152771983592,5.990601173717091,5.989035142318768,5.981309948871438,5.9730330178499855,5.988984294171898,5.972200136950416,5.984270513229493,5.990255616386858,5.991858638773344,5.97861018854533,5.981181555429671,5.990157605956691,5.991106668139114,5.996513965127897
10,3.096161117815274,3.1051516458551576,3.4489837096598874,3.499506893851774,3.624625564923964,3.7842133630819483,3.8578072273867208,3.9579351735947377,4.053173832684546,4.210257130037702,4.341090587927578,4.410146276303625,4.428816874032221,4.516885208864289,4.573370492516928,4.698268831137239,4.737867991170059,4.872090184284438,4.845187069947139,5.024187930505181,4.992228954986814,5.047008887582538,5.161219827685431,5.109813253636365,5.187685681974777,5.273597833175906,5.3381387786460035,5.381445540999081,5.388647751619143,5.426365705360607,5.479290243505196,5.528756413360979,5.560335618458585,5.586101322858435,5.587150831480003,5.565520799940629,5.5805028603742635,5.652217596952696,5.666233771973892,5.677865466135061,5.6835212466596525,5.715739071014026,5.759473849672169,5.761191135331455,5.777093854434689,5.7996964025681885,5.8221132616274875,5.835761168057363,5.820219721893955,5.852879833763109,5.826532161943362,5.858018957607479,5.877609983877303,5.872671570005432,5.892981729124507,5.9030526733248445,5.873755921818183,5.913132896938904,5.922588663390661,5.931999486019624,5.938472517208466,5.955911009153237,5.958464828742186,5.962644094509361,5.966381586825802,5.962211829529674,5.957089055331379,5.961602701524048,5.977478936165195,5.987270804355151,5.983530995471944,5.990602652675329
11,6.09868240162012,6.020883714113482,6.0251960506135305,6.0038155905252335,5.9474944049815495,5.957562769592566,6.010373475649191,6.009928489691514,6.047341519771853,6.004715055211507,6.013470080688739,5.988076192705975,6.015298527096733,5.9362569033913095,5.965391555550346,5.955610554938751,6.018020086986093,5.936913150301689,5.9473192516318605,5.930892478065157,5.91779823264611,5.914497230873394,5.922550007250556,5.953744526526489,5.981458475177738,5.905669691552877,5.961962498510023,5.935816170929153,6.003219712920797,5.979336358970159,5.99774425258326,5.974665060576187,5.959094340946709,5.955333387476491,5.954716111429292,5.935016591121156,5.95781824865351,5.960957462049262,5.927173682649639,5.977534661733259,5.957372091123477,5.970938775892657,5.950126736266402,5.953917044907565,5.946468061273523,5.988154267862718,5.936834731131585,5.9768595912327855,5.956309737203551,5.956801841500695,5.946526032473088,5.978975151461544,5.971722344877859,5.9675970003103895,5.978535879936343,5.9739553838853805,5.97892299208223,5.979282687452758,5.993558268206538,5.991269145894456,5.983708469445608,5.975561506453222,5.991400464254776,5.974741272222139,5.985752024891796,5.9923460635667904,5.993874858366929,5.98086433633496,5.982802953843335,5.991205846456776,5.99202751254258,5.997416344001295
12,6.125062766514105,6.062065505936419,6.050664141992667,6.031714448356683,5.977535063541164,5.996093150422529,6.043951911576773,6.041626374578293,6.076985621272815,6.038455247248409,6.043353770454457,6.018542097347259,6.052408059889362,5.975377866717289,6.001362695873662,5.989521257141057,6.044976839709996,5.964743286244275,5.9837438145932484,5.960167645131188,5.945701486153268,5.939890569392555,5.95088407813482,5.98370720646676,6.008904827058211,5.932532973075948,5.982772203892663,5.9577235733676215,6.022149096994989,5.999130853699194,6.014894253771122,5.993716227248088,5.9748105291475,5.975224647242662,5.972212221505303,5.955262548972305,5.9727101732943,5.973154950147495,5.941860794108736,5.988618051072186,5.971108594675124,5.981853573693195,5.959592539977466,5.964254369218089,5.959326932710464,5.996175040568675,5.947208714021106,5.9849410803945196,5.963403345141544,5.963065256322836,5.956060817228445,5.986116665504838,5.977910272305147,5.9754037929662625,5.985752027666057,5.978531886657638,5.986044257407796,5.985168211365138,5.997814444273102,5.994404222633251,5.987135871701197,5.979109944671114,5.994841009305666,5.978395580465614,5.987827336118397,5.995338974871037,5.996857050664006,5.984187207528722,5.985129874043655,5.99265071362249,5.9932439378413385,5.998674478449038
13,6.120816310624083,6.05547439113478,6.046651070685086,6.027348709431802,5.972813084410684,5.989998047965807,6.038660301602987,6.0366341457471115,6.072349230010113,6.033183814388277,6.038698970591623,6.013792417547057,6.0465556893772945,5.969240612047807,5.995693885438912,5.984239020221491,6.040767470704978,5.960427131975933,5.978032993361135,5.955637889652613,5.941381676344894,5.935987699543191,5.946514183980825,5.979032567426763,6.004651798192491,5.928365489702733,5.979591124894333,5.9543671329104635,6.01924454055401,5.996083997327615,6.012267556936836,5.990792518177466,5.972419308155331,5.972157997108667,5.969528584161807,5.95211882348065,5.97041749211149,5.971317733631579,5.93962302529723,5.986949164532222,5.968989861517258,5.980186895835337,5.9581658433359586,5.962675902603699,5.957336679871524,5.994974558250998,5.945636814401525,5.983717143130524,5.962329700775375,5.9621245437275,5.954583845790638,5.985028123885021,5.976973941574695,5.974197576858086,5.984636287021708,5.97785641675013,5.984936461832348,5.984273774113931,5.997165389252838,5.993940262543608,5.986617384523043,5.978579144031172,5.994319395278042,5.97783849469222,5.98752057066847,5.994883686459191,5.996393829028263,5.983670009666155,5.984776236413962,5.992439096117527,5.993071487060727,5.998488498704062
14,0.329140840890501,0.37833474613043716,0.6726944420615499,0.7479328696263661,0.7336784515222643,0.8436812070667967,1.0640933339489398,1.1624758386262686,1.1742388099042875,1.4331541760371902,1.5784290020789857,1.4552322718655448,1.564239882301719,1.666014458821326,1.8382626217212166,1.984354310844044,2.138185210476339,2.24054899061696,2.1642352595092884,2.503403286083745,2.6114683768374785,2.617369589682507,2.7349403809996695,2.764946887086551,2.8862781758904625,3.1034203276092276,3.2687344941586014,3.367301740287226,3.4541037273920336,3.5996184457988036,3.6720629103028353,3.6544650917554558,3.8687687620559315,3.8996002184043053,3.95122573446609,3.9986212948757958,4.173386488739243,4.266393544719435,4.298635338951027,4.448983833423714,4.429459493390687,4.5354183712178635,4.662777656103905,4.7580654898014405,4.795853231740202,4.879241169662552,4.89762793938709,5.042624031406885,5.0798804897951495,5.110674471078501,5.094084093762266,5.128261332866257,5.213284720945193,5.246639295970909,5.262098445265891,5.353690247222319,5.342900341159921,5.419823889459502,5.50635609446557,5.490526110823074,5.563853319907708,5.5810204348194965,5.634198394982454,5.618238102620314,5.660301697502764,5.6949411124793725,5.706586824208157,5.728970376724206,5.748222230513672,5.778499937959672,5.805674590226277,5.827889102565099
15,1.1478217078621387,1.2753954413654847,1.5916001415117504,1.754316782225958,1.6425167281010467,1.679837979868135,1.920128021900259,1.977828805687333,2.039578935297667,2.303034654689215,2.3986220785023145,2.233666685924681,2.2569803476299186,2.4126008245742425,2.4754657616282354,2.7319613042803783,2.7718721088060945,2.895354947537956,2.7982227945281952,3.1639457070149577,3.2573237670981463,3.27893113851025,3.377576357709728,3.322164381523537,3.4765081492457695,3.6225499571746282,3.8247677751437115,3.907016106373298,3.9431508641906534,4.065358156460514,4.113148585416558,4.093349649730684,4.289725558344843,4.301159233031438,4.349249278813108,4.352459512835621,4.50935070869356,4.641126746464913,4.659293049563178,4.798994967896212,4.706707867397496,4.8049805886434065,4.9340237238861775,5.0027447538411,5.017123130521334,5.141942377754687,5.155758798286749,5.258162653507281,5.272934440266989,5.29129108987531,5.253460969615814,5.297629503299037,5.373646158755845,5.383249678325738,5.382477059500905,5.51650953071772,5.4552040615224175,5.561181110485207,5.606634214998562,5.5991587813855705,5.650227612738126,5.678969579101489,5.716350650923913,5.68947727012472,5.725641515889984,5.763695014257516,5.751638619611013,5.771395055981931,5.795438258899388,5.826486025970116,5.863683155790767,5.867266173234719
16,6.103473925718157,6.028420471577595,6.029911355675832,6.009013826410845,5.953067317857299,5.964681803733708,6.016596131645505,6.0158021282522665,6.052862375813023,6.011014302568427,6.019060018980031,5.993764724440533,6.022168223115802,5.943534607285168,5.972054662089655,5.961954391539349,6.023044983548645,5.942132945217303,5.954096002028582,5.936399380811702,5.9230435381629185,5.919295200568031,5.927893811923367,5.959341022810924,5.986612757464396,5.9107121305661465,5.965912717796861,5.939969563718074,6.006800108044106,5.983073708224868,6.000992120068121,5.978268122574276,5.962086882668324,5.959085769889331,5.958027862096171,5.938813483406169,5.960627478650012,5.963298043606656,5.929969437817267,5.979662486940467,5.959959880202626,5.973009556936848,5.951941486849778,5.955880709429638,5.948887134628839,5.989701033885082,5.938819299804275,5.978405602137353,5.957666196558846,5.958005804656892,5.948317611474359,5.980332426594112,5.972905226355639,5.969066716498833,5.9798929318289265,5.974847459466961,5.980256220872641,5.9804062908895546,5.994367683913139,5.991877440709821,5.9843638731513265,5.976246457812502,5.9920581986475066,5.975436454509999,5.9861550709948075,5.992916589538228,5.994433455591242,5.981486508196142,5.983246499927726,5.991488657816913,5.9922714323378585,5.997660932200029
17,6.085428274688508,5.999812233770417,6.011965594187457,5.989154537480685,5.931838699542988,5.937555809192329,5.992861436414041,5.993420364821492,6.031804176024957,5.986894709579101,5.997658385750722,5.97204250178586,5.995997688370247,5.915720202341455,5.946660770160889,5.937657536048468,6.003881060015453,5.9221503294982565,5.928211915811449,5.9152517994732206,5.90291510102914,5.900863145485748,5.907350360971039,5.937930935105692,5.966851096770309,5.891367190525454,5.950697080552968,5.923966593949249,5.993045233856028,5.968710661483254,5.98851312757776,5.964425328346293,5.950555536142208,5.944659415933704,5.945291182818953,5.92425730301002,5.949847776432905,5.9542503205280015,5.9191840486003455,5.971432583657604,5.950033449055927,5.965053604365743,5.944933388042857,5.948316443118007,5.939591849703379,5.983707943310679,5.9311380547404795,5.9724258292299375,5.95242823305184,5.953351952377251,5.9414432625592575,5.975111017172827,5.9683421837650625,5.96342396848365,5.974689740807892,5.971373329863809,5.975150721939795,5.976059726294362,5.991247748461594,5.98952349967612,5.9818345004077464,5.973588904042302,5.989514456605045,5.972756050085237,5.984594582337566,5.9907135961052855,5.99229650730913,5.979101416391982,5.981536121368455,5.990388109173259,5.991311229430302,5.996711912539379
18,3.8872568392708478,3.9135855123344157,4.085758103826808,4.173706681575631,4.398571650183403,4.480732704449082,4.500791977636949,4.6383599386558005,4.789566074734672,4.782451036311092,4.889234220644035,5.104708289572583,5.134960817274778,5.185599796372012,5.250133564775108,5.298151775483164,5.37239077973496,5.440597506757728,5.500546278627267,5.466295920063501,5.487795980690876,5.5681054868968,5.592178553354793,5.637311554176255,5.676466565663275,5.677627392762851,5.676151287841712,5.693006234952308,5.739169909433391,5.743897538502081,5.803205213870384,5.866961858860738,5.833000423375682,5.854889813056109,5.880584269643746,5.883824840218127,5.87499037823939,5.8713310323843,5.898140021992255,5.870981613177634,5.932565946903361,5.944742203952096,5.938320708164089,5.928657141706655,5.934545759961195,5.935408096118204,5.9502667455865375,5.93560268651653,5.946878265888245,5.971493264426629,5.9766826516763265,5.998514853654794,5.99346473617602,5.992628689879957,6.00455822624852,5.972620088125002,5.99291973407839,5.980024664663162,5.982177791475797,6.0097008084025525,5.995416191627542,6.0049686337691695,5.995047766023754,6.010899188691805,6.01066465248608,6.002078099620665,6.00918054892789,6.005214613806404,6.0130586788402205,6.0095233032336886,6.003037116663034,6.013837180790781
19,6.207500390349237,6.191396574544626,6.116754342934249,6.099238471646321,6.052367666407085,6.103430920935914,6.133370372964313,6.123884665481493,6.145848296478131,6.12073616007596,6.112439106623346,6.0866031560627984,6.150128706500365,6.0742719553720965,6.095510681498007,6.067795691009398,6.105640781514908,6.023509505310041,6.07378042106736,6.022916955288332,6.004971412549532,5.987093278206662,6.0088176393592105,6.053457788734306,6.06718703939306,5.9919145206324504,6.019365904502364,5.998561815469979,6.056325447244013,6.037772899107081,6.044674658211937,6.028234152101602,5.9996608523758095,6.015713422623349,6.0041809474713626,6.000000776707425,6.000769288098672,5.988879287809904,5.9663749770410615,6.002983128969207,5.997904581752537,5.999274423354239,5.971659351466011,5.981925429900588,5.987303246011498,6.005178256183403,5.963589597633442,5.997410172336793,5.97358984383845,5.970397334751831,5.976445631147885,5.997307070123281,5.986463095604357,5.9914648117476395,6.00051621965677,5.982088862464114,6.0019481596748205,5.995026015985561,6.004988087566139,5.996301519417056,5.991943260353688,5.9832161697943285,6.000290510299989,5.984563128008505,5.9891000761321,6.000245459445771,6.003240160846893,5.991870058600075,5.988752610591631,5.993326383858605,5.992829319527617,5.999528687070558
20,6.096504839344247,6.01744684402644,6.023041355814958,6.001435921316085,5.944946675688954,5.954308861300637,6.007527437239416,6.00724301335079,6.04481565493369,6.001828024305104,6.010907851536235,5.985471755130984,6.012158385727626,5.932924775545492,5.962345238501772,5.95270233799922,6.015720820632608,5.934520135671925,5.944217071604293,5.928364083166346,5.9153908793253045,5.912293300297466,5.9200950553136105,5.951180303325241,5.979093839439433,5.903355843422349,5.960145328609781,5.933905652715227,6.001574906702016,5.9776194447849695,5.996252070195425,5.9730097248139815,5.957717155047895,5.953609468902884,5.953193990451341,5.9332749294656875,5.956528496770222,5.959878422655701,5.92588660823882,5.9765534648196805,5.956184303744686,5.9699871369594595,5.94929045105572,5.953013698640236,5.945357144636563,5.987440246050478,5.9359195634945925,5.976146851203718,5.955684795022018,5.956246744258939,5.9457037999376645,5.97835102402714,5.971177607057636,5.966922233438176,5.977913197880981,5.97354241448607,5.978311764182663,5.978764739296392,5.993185781078454,5.990988337908553,5.98340656942897,5.975245129396341,5.991097255715871,5.974421334277686,5.985565937392058,5.992083285012708,5.993618855364749,5.980578987047493,5.982598787730261,5.991074922446855,5.991913878953636,5.997303300272174
21,4.1990872624178515,4.480916222274003,4.434648893021573,4.720517946314577,4.905163851045686,4.84927338750189,4.874815349264171,5.002447501721781,5.2274057993596,5.160160840791881,5.175477043322249,5.4190859598230485,5.421178817006109,5.561962299745021,5.5270386580584026,5.657708793210714,5.618791285113087,5.679199374048292,5.817945056209353,5.660017122134496,5.781182755898154,5.879606521013235,5.810946919116766,5.875618854509125,5.924147140991625,5.838891592052343,5.819725642311705,5.833687359326101,5.852606368024542,5.861531133858553,5.890275932174582,5.958181620997361,5.911132454745306,5.932155477164163,5.990908294102683,6.013735330692385,5.998024975874342,5.968127613757562,6.026132404088202,5.973699876138691,6.007840452334592,6.008162522378286,5.99642281549561,5.989139314597477,5.981869453264146,6.005174519742455,6.037668418481007,5.974645491988539,6.010701728340344,6.008634902670797,6.0422105055325,6.047000282356719,6.035644916691557,6.036072045706211,6.010404942720732,6.018491484204734,6.042057437946146,6.028171390181468,5.992542715295512,6.033532145242948,6.005729296762428,6.027871723789954,6.002241876513546,6.014085430919818,6.008212276470039,6.020291357910227,6.016058210364987,6.015498586957516,6.018554316802289,6.005081406577686,6.021981650082722,6.018636062638766
22,0.05717299671197118,0.15294816821513546,0.41296393988364066,0.5106752257950493,0.46468241023875123,0.5880078784676392,0.8269768920615475,0.9165885516903876,0.930706486618071,1.2137670652987564,1.3490179847458235,1.1970332866182214,1.3279548613819583,1.437007659893896,1.6036558540173358,1.7695325852382373,1.9108004310118885,2.0095519488981837,1.9512297098321483,2.298677586356682,2.4148268503095403,2.4129887415868665,2.5434051437963405,2.578669056624431,2.7124492282178516,2.925412248444696,3.1042610726745545,3.20919032238468,3.3014873234766346,3.457878440739405,3.5267856164385742,3.505219419392127,3.729035848623531,3.7709576270773404,3.82235087179935,3.8765875871542983,4.057909839375047,4.156644153162904,4.191909172147863,4.3571879926057955,4.328422742606359,4.438203850096247,4.570983880121886,4.676630521949275,4.720743316142803,4.812867032651779,4.830228608109926,4.985741081342678,5.019306560488203,5.047235907350175,5.035243305251858,5.071715112602501,5.160496130921524,5.198675909138138,5.2119540139456335,5.312681853187863,5.303078691822191,5.38790541263336,5.4757890388216905,5.4556713123064124,5.5333672457769225,5.552377905491616,5.611831070781513,5.589655293914584,5.633180580775653,5.677038199842626,5.686854545702138,5.710109858690966,5.728876516575333,5.761208696146529,5.793355623517439,5.815807425245936
23,6.06635827983394,5.954565488522022,5.971846103480395,5.7999369205490785,5.815226886638757,6.0322694900011395,6.008069271808136,5.991600637526956,5.900923450850044,5.984108332142052,6.024586235818982,5.96456232675307,6.082134139716252,5.976061522308598,6.057641699362533,5.941702466744239,6.010961891253249,5.972307284678385,5.98554073317656,6.022447085138178,5.920094931670637,5.862074069316361,5.976083867511383,5.9960343918985695,5.968414258742931,6.011155430514364,5.992449145696367,5.992940899837141,6.021448161420709,6.020028780446764,6.025912319000257,6.019314253381716,6.001942856977101,6.041598667442457,5.9854585664625315,5.990256904709564,5.961426268931015,5.9532119105116985,5.933000140181144,5.950611115129324,5.9895971373222325,5.980027652183073,5.963287158400984,5.981264005668765,6.016512051545441,5.964672223041846,5.944962116512782,5.994388932787684,5.955584798733011,5.968859628273751,5.974398257390525,5.9762132621894075,5.972774894715135,5.990582344812157,6.022879542380688,5.961153472686438,5.990753547550276,5.9785247976641305,6.008770279505712,5.977633734562181,5.996563312848934,5.9802085374924605,6.005448442565444,6.001599431907654,5.997591953976805,5.993986069789092,6.007369332209432,6.0030436852955145,5.996404648688275,6.001121346085554,5.97940338876443,5.996446973526103
24,6.110557348280367,6.039505451099524,6.036812634904903,6.016595721482582,5.961216086256182,5.975105054948959,6.025694540286354,6.024393226239526,6.060920591698059,6.020189728132093,6.02719714398262,6.002057282468981,6.0322204280511205,5.954155034498232,5.981801447809052,5.971187760925092,6.030377495626345,5.949724524651088,5.963987118596649,5.944392881000233,5.930660657141216,5.926247731842002,5.935640427373208,5.967494092029018,5.994102309957906,5.918038869776693,5.971622933547218,5.945975409377381,6.0119865620601,5.9884900144255075,6.005694450534293,5.983487517545531,5.966407614251969,5.964525005921904,5.96282221133198,5.94433340372145,5.964702046531144,5.966664956176305,5.934004992081101,5.98272224909697,5.963715490525049,5.976005971208132,5.954553721740495,5.958718578640513,5.9523977022791374,5.991920600338898,5.9416759960518215,5.980631546283126,5.959620486913441,5.95973673445304,5.950919824273553,5.982294376087356,5.974610211780767,5.971199560204093,5.981863856275326,5.976120823835414,5.982196330691237,5.982025088748817,5.9955367510350115,5.992748860781229,5.985308327435692,5.977228624725966,5.993005431872169,5.976440297257283,5.986732160907137,5.993739485610056,5.9952464279135755,5.982391564344685,5.9838864968451775,5.991891871433955,5.992615041146223,5.998010790663342
25,6.175834194474178,6.141185811810453,6.094756590008399,6.078368779723224,6.028638349546329,6.065282067340964,6.102838096315468,6.096581477154271,6.125767172174861,6.094938229004612,6.092096711962464,6.0676741490086865,6.117297892468766,6.042226688783796,6.064037092230811,6.044899109088902,6.088677882532967,6.008362909412435,6.04539934022765,6.006154945764333,5.989461783605769,5.977477115373002,5.994454410348795,6.032903879912405,6.052038608962586,5.975395159120691,6.012720205275554,5.989993040233643,6.049797980265035,6.028977781978526,6.039543819293541,6.021585285345466,5.996490171910415,6.005738171409358,5.997869439980671,5.987634862493447,5.994909537350062,5.988757619296388,5.962557270391596,6.002823239335136,5.9918857308953815,5.997058274660678,5.9716670757199175,5.978970269036166,5.979659397367809,6.005973716337609,5.9614519281952605,5.995936630693378,5.972839802421398,5.970825811034165,5.971069321433902,5.995992310657594,5.98605051329022,5.987476631829061,5.996886158024575,5.983552226399379,5.997515217612408,5.9934484655337865,6.0038338106600975,5.99771479044421,5.991654601023954,5.98347037327448,5.999568591181086,5.983557819463004,5.990005401804515,5.9995260351926625,6.001569863350489,5.989607626076358,5.988319344670894,5.9940813647307944,5.99410836675513,6.000024995713722
26,4.894699791924293,5.167736572938621,5.097164356717947,5.330715745571736,5.468651554697089,5.434701206133949,5.435646768526057,5.5202138471171684,5.676114106098887,5.646277730136641,5.637295239785383,5.810517709943424,5.810385565210382,5.94144620977348,5.889339826609056,5.9925596026103785,5.920838164442144,5.980201710746767,6.091366460203446,5.965774826650201,6.05485143341014,6.119870047413473,6.067364025267266,6.099594924845249,6.124735271320808,6.0646723257129045,6.028743548616978,6.041804607151791,6.026194317839431,6.035425168492543,6.041772996233967,6.096683264199616,6.0567201108126545,6.0768508693813335,6.112914209915199,6.132001901699111,6.1018300578622515,6.074776489688299,6.126880811177148,6.067160908999254,6.089864944783493,6.079336836176991,6.071658710152643,6.0658523227195555,6.063113729616425,6.064936120517047,6.102263857652193,6.036702510400938,6.063176131361582,6.056625775852098,6.088384358690869,6.078784784095595,6.068943380114456,6.07106146932761,6.045496469350095,6.053283833683382,6.069031968009247,6.058844776674395,6.020449983790832,6.047513884197459,6.027865254219962,6.04690608133048,6.02259888276095,6.03362508914166,6.022526120751527,6.032558457400675,6.026466931581488,6.029468490082858,6.0289830236636535,6.015149915877003,6.028424129904134,6.02232985636355
27,5.926876754605177,5.728949292653915,5.865718072472388,5.59993064058,5.675365286050188,5.976003556140245,5.917473046206411,5.909128170235513,5.7591199760574785,5.903811441770153,5.988609260519174,5.927968899211557,6.048862904944587,5.9376951151248205,6.056034838078498,5.897220779558089,5.98979500383714,5.997442920261197,5.962172548025658,6.072571192469868,5.917284793277578,5.848309296292298,6.010771604418872,5.998390430158413,5.94732672851586,6.073112011559562,6.028575704813896,6.041610714302241,6.0432518150351155,6.048971860530596,6.059769085028277,6.064189375386626,6.056322404243798,6.098745413323857,6.019878638457347,6.020377752235766,5.975642534762289,5.977059543111034,5.957244541474873,5.954772094049884,6.018872186998252,6.005011584183613,5.99959092721684,6.013591915005825,6.059826105657544,5.968306494427724,5.966059011434402,6.015731076356365,5.971738839124473,5.998726679590722,5.995014521823223,5.986473944042829,5.988527412448523,6.007726813923573,6.054632037610305,5.970477693717822,5.995817284999749,5.982456457444144,6.022593307803793,5.983449960783632,6.013479422931296,5.9943899598502055,6.018505809421741,6.026293661169968,6.017301853658714,5.99795338919415,6.016475586903513,6.017128251036754,6.011217140520727,6.015855133867781,5.979673574111862,6.00128463334663
28,-0.4212041940219091,-0.22632343695308865,-0.16614132782707536,-0.06401664849829736,-0.07937294989548693,0.11817211289166352,0.33999435049566795,0.43542883313041614,0.4266860559723131,0.714219002539136,0.8325591652070008,0.6925205173935449,0.9423645868268187,1.02464688715086,1.232477848499414,1.332216929540702,1.4978390208042978,1.555593734879325,1.6011372109688056,1.8517050665211596,1.9994307937728344,1.968293893452476,2.1154338242972726,2.2451076234580496,2.356892004912001,2.5731675087048025,2.7088039656009917,2.828958097065047,2.959209512441483,3.140268706188116,3.2058574432842835,3.187586705891159,3.4046445025628094,3.4922928889143683,3.5413695037344044,3.651728178408702,3.8253777314886523,3.876510746286045,3.9374629468062183,4.109652361832869,4.132726642175008,4.2349913924154325,4.353953542153555,4.493613046058933,4.569366409255752,4.625807138658611,4.649559081510944,4.831143149526365,4.874452656429153,4.897527637655341,4.929026130069829,4.950170838594328,5.038925264291909,5.107347412799244,5.121010132356984,5.189570937179326,5.236954819773496,5.297396171251244,5.402635168298024,5.369667146518279,5.463142431375539,5.475893329877817,5.551890726519607,5.528776333236483,5.5705526674503005,5.6312887490777,5.655291624452944,5.680213695625048,5.68825725889174,5.716139224711411,5.749395924043806,5.78411511017004
29,6.239847675070116,6.236918182065105,6.129592971549546,6.089563481594094,6.052923735817432,6.144796577250414,6.157498556698528,6.141882981575987,6.137835409955208,6.133262303458762,6.122690321384104,6.088848545236216,6.180697698765185,6.097747167382565,6.127235668673377,6.073889367542938,6.109168209548997,6.027384182129625,6.092372713105141,6.034682588145583,6.005314878677853,5.972911290426542,6.0124120583004395,6.064933597046483,6.065216628020541,6.006555291911264,6.014247456331313,5.99868190016532,6.051441648947636,6.038530810624563,6.040080821021073,6.026000948929895,5.994550508986992,6.023344330820969,6.001193149016391,6.007652209055417,5.996489352118997,5.975957333991524,5.9587852508602825,5.9890960779755895,5.998268172987694,5.993122681540429,5.963491581678776,5.979800484021511,5.995829943408378,5.992980504087982,5.957607458616066,5.993920879709221,5.967557865477053,5.964557342014064,5.97928302964699,5.991904993074739,5.980882754611273,5.99308918353875,6.004625391500504,5.97331151048249,6.003791338201348,5.991683121599801,6.004486180334606,5.988932264018278,5.990399587766741,5.979567534091282,5.999676593206012,5.985606199180556,5.986673035770747,5.998607686930372,6.004656286733298,5.994961073925837,5.988615200216852,5.99161338902363,5.987808592145002,5.997196148398193
30,0.8685146631829186,0.9226406462483601,1.1215364227536542,1.1502779231635492,1.162755164466573,1.398356246009373,1.5801003798573547,1.6692608466613965,1.6930099355104042,1.9431953097774777,2.0845311008457967,1.9970147175828092,2.1873377841370414,2.2224122753078697,2.3981497058799452,2.490814171330966,2.6435351039803128,2.7057284980631198,2.723917424423911,2.970337428325217,3.0140515414849376,3.0057521719482767,3.1788932981223477,3.2456542181405963,3.3557885018755904,3.513838977094818,3.647381710466642,3.733289870512905,3.845846730401628,3.9657833000580003,4.036253776616647,4.03634179056435,4.177548596133447,4.249981170011323,4.2681718968209115,4.320320934850589,4.437752663121673,4.507727433643509,4.532910622218277,4.670802991967511,4.685453224243149,4.766559918914913,4.850330355011982,4.93989298234605,4.998779183089392,5.050810261604274,5.053088643821459,5.197972858192635,5.199598553825174,5.231906857444901,5.233803009912984,5.275214451541569,5.3357773273806055,5.376445118845534,5.4056259824803465,5.439734902749498,5.459548148806056,5.515302416017666,5.596425125647665,5.573518734006587,5.6345150563848705,5.643907676217709,5.703442701952426,5.683193484783266,5.714410288176363,5.751385024492162,5.765868883523574,5.777504361837417,5.78968970140598,5.8164256267712195,5.830908929967465,5.860223792783879
31,6.17023369256108,6.132368385383998,6.090350497021026,6.073880994443795,6.023649632311466,6.058058090446039,6.0968452754228775,6.091081048118653,6.121205173118882,6.0894718731467465,6.0875417771954305,6.063195709094896,6.1107467600541705,6.035621846961625,6.057731291243786,6.039722560315359,6.084680118391871,6.004527063737132,6.0393953347128715,6.002057302229117,5.985585277743072,5.974442579045457,5.9906897853919165,6.028286455107672,6.048220142598598,5.971499271776426,6.010398078381686,5.987378635326843,6.047617039025904,6.0264836350818625,6.037656516126041,6.0193813668765666,5.994944369020143,6.003111583364073,5.995824259949607,5.984693370065298,5.993102845582166,5.987817762972216,5.961010843498932,6.001961241272633,5.990153520375841,5.995967828501248,5.970949124282737,5.977853672974574,5.977828283760684,6.005452422560104,5.9604293166282,5.995163732922017,5.972215483485434,5.97039942958388,5.969734319853675,5.995292447200519,5.9855298445157885,5.9864301805843665,5.995927592130851,5.983372347806983,5.996466163897063,5.992825444242791,6.003381897558432,5.997630107093714,5.991362616078458,5.983231693891932,5.999229378980343,5.983170299059535,5.9899506843661205,5.999217039071101,6.001151929104056,5.989100609101805,5.988094638859604,5.99405919890444,5.994160419969756,5.999984520088003
32,5.9448375159432985,5.905290664574875,6.023805909532271,5.917783941682049,6.074273619683086,6.22868772356819,6.141457372084075,6.171419692155872,6.08891049681222,6.181700455597767,6.235797361749493,6.28239969362901,6.306851307139197,6.32605545725132,6.37101170201728,6.2868221062674206,6.29368653766714,6.372187278397092,6.336030043346684,6.385995305731509,6.3153201436085835,6.296712682270533,6.358407760214272,6.320802086629215,6.260842693990717,6.379967604569339,6.290772898046778,6.309626903776611,6.245960548839626,6.255092927335621,6.252791517037962,6.285712466213859,6.275091127291919,6.29009222683087,6.249456210660389,6.253448213501199,6.196390307180204,6.181475987626914,6.200585303073116,6.128967180936275,6.190289392508424,6.1656717214781915,6.171361313782235,6.165623146181069,6.187745617035529,6.093581123193186,6.137144469169903,6.108803466902365,6.107727975213841,6.124267437205143,6.1296555172498,6.094131853789605,6.095242505222247,6.103964707128332,6.119546116478606,6.068023504961904,6.0786893241717825,6.060460692728153,6.062156609380996,6.048920908366016,6.064734780881786,6.061660206848921,6.0512129408575355,6.07741482144376,6.0594070344173625,6.034289952534874,6.044610925799702,6.054790400584419,6.05015802911783,6.041238091425818,6.016734648062328,6.02341248080355
33,6.078300251156293,5.973363350847459,5.982654677222302,5.818402064583061,5.829787282886375,6.040067806522519,6.018194847518812,6.001344450040427,5.915544122113814,5.994081750327449,6.031285554149397,5.971985333712757,6.088478881651191,5.983567771553664,6.061873757236059,5.949740427706932,6.016650175094146,5.9752407598840325,5.9917993932547065,6.023324656111948,5.92495736817162,5.868137363844484,5.978225972488831,6.000000323170882,5.974148668154971,6.010717569949088,5.993757532034383,5.993314773284952,6.023261678474033,6.021204358625841,6.0266767700819805,6.019520355076301,6.001293423022345,6.0405395287274875,5.986176726303289,5.991067700326104,5.963182344948835,5.954378742302872,5.934255450662771,5.952851468567443,5.989858476244553,5.9805126987196235,5.962993906203275,5.980982957970726,6.015235094546643,5.966332006358708,5.945584674217359,5.994417647700473,5.956078755470878,5.968339045883854,5.974452581420958,5.976958643922445,5.97306312527592,5.990596639260956,6.021693829535334,5.961783468298924,5.9914139568194145,5.979326115008758,6.008529932783524,5.97816224552399,5.996107487273033,5.980068338199558,6.005133119305084,6.000539586507263,5.996813349621755,5.994253424339955,6.007150318807309,6.00249008857043,5.995841502010954,6.000499253283849,5.979859914327214,5.996450289994072
34,3.256266525837006,3.255866416998992,3.544745972943712,3.5793511445761914,3.7363281978846135,3.91889714369318,3.974427157281824,4.08346161666939,4.1860670514051685,4.309861558291372,4.4418321670819445,4.547824013090836,4.598445537406924,4.654803119168502,4.728192600589271,4.8137221372126,4.875936361371971,4.983484171539116,4.9959994027966586,5.11317651618727,5.077804601044943,5.131710153399515,5.245164562817087,5.23109512279086,5.296941187692218,5.360737023079677,5.404794789996662,5.44178637968214,5.4709928403046355,5.499396255873696,5.556767637202363,5.611763153412498,5.617608580330003,5.654291832119941,5.652849213015832,5.641656424103387,5.643350275180358,5.692264848571504,5.70728531524069,5.713397448059902,5.744549988530716,5.769431579853258,5.7937683244865035,5.7958054852397245,5.817334529549572,5.826083028016786,5.8419863854175915,5.858042414901993,5.841273667008589,5.874384415293258,5.859893522147037,5.891532562893896,5.902301401374231,5.902549034662224,5.92689748958428,5.911601952932851,5.904288615626182,5.926353893879513,5.939231165162947,5.94912371776966,5.9517345477701715,5.964273509596019,5.968843515989164,5.974647644361064,5.976605810505638,5.97218903042799,5.972837049713301,5.973265645326413,5.985667990757297,5.992676299853636,5.984535544091302,5.996383319415847
35,6.199844301188733,6.1695305893992,6.090810614139471,6.013004742204549,5.98897690634195,6.119860722045585,6.121760661270434,6.104379615187124,6.074678161543018,6.096324608186098,6.098692613509571,6.055300140149631,6.158075849593334,6.067155956226298,6.111077657037721,6.038831854591868,6.082609897373337,6.011333491949884,6.064930592564351,6.031966016881274,5.981095494694488,5.939831003701315,6.00221995602867,6.046931540780367,6.039057859966724,6.0079258261002,6.007539031391773,5.996624497866727,6.043078482959845,6.033664747363436,6.035693440935185,6.023513314520665,5.995208455766674,6.02875219948762,5.995984322716546,6.00290372082344,5.9857381422115346,5.968027412928516,5.9501159216661845,5.977359378360348,5.995305524656313,5.988352923538698,5.961698881145793,5.979270516895754,6.001765039199399,5.9842839176917435,5.953041892242669,5.993801641033864,5.963035872629349,5.964305363644708,5.977438502736684,5.986827613061393,5.97768462126342,5.992175860112386,6.009663015713069,5.9689063914127445,6.000206469432413,5.987862524098031,6.0056558760978005,5.984967980828288,5.9916401454062145,5.979056994859026,6.001241730988444,5.989601039833425,5.9890114228626565,5.997233290175414,6.0054132470940145,5.997144779597042,5.990370041343471,5.993835489734105,5.9849745041448665,5.996714656115099
36,-0.010771776013567269,0.13957186110288422,0.16099072101867584,0.22482764235497488,0.25639015183231706,0.5173761694158454,0.7120714960229693,0.8194614344932853,0.8409387337761354,1.0808431999178696,1.2110261503201922,1.135430369398346,1.4279567986564068,1.4484349274542918,1.6730548065176931,1.7245641663938862,1.9199240238031945,1.9393191106711583,2.0460676569549174,2.2105502829335704,2.31896022592997,2.2935096518167395,2.4612701967749917,2.629881250036397,2.733944797240827,2.8949934932021475,3.0105167446923526,3.1136746628209098,3.2790101773482667,3.431011566831151,3.507150866006353,3.5036381758846837,3.6600538428879528,3.766620843681039,3.8014495564039663,3.9102420105493985,4.049050518828049,4.077929566328806,4.129043697569266,4.2915897296681775,4.3470297971172585,4.434821126016492,4.515350210814761,4.643554190315067,4.726203886927605,4.766997117556205,4.771726306011098,4.95251993728954,4.976087804282418,5.003434964277854,5.043860184269824,5.076684622287478,5.144484325281172,5.213485876612495,5.239358012539514,5.261053276785758,5.332839868489959,5.3705501775153275,5.474888595851655,5.4446579113017,5.522957224167833,5.5283404660890625,5.605889552597559,5.582670508898599,5.619558590121288,5.676473320185859,5.705145224636303,5.719150268459985,5.723897589206869,5.748986627842104,5.771233607726929,5.812344275837918
37,6.070194948911154,5.97496400510272,5.996402078931943,5.971750492617681,5.913392733709143,5.913843072026713,5.972090285884364,5.973921711144278,6.013483088915719,5.9655949033179185,5.978809841301655,5.953101361939255,5.973200417378202,5.891265651715976,5.924512266896155,5.916225961687795,5.987238954378292,5.904611716967586,5.905524093820171,5.8964894830868575,5.885100102708698,5.884561774722832,5.889085844027277,5.919112579010696,5.949417049141809,5.874237197242853,5.937151102741343,5.9096786386525455,5.980900044457205,5.9559786797918255,5.977501793196786,5.952197301762151,5.940307293035005,5.931836289710149,5.933995785946319,5.9113981217989355,5.940349390140739,5.946162603748456,5.909543801970642,5.96406185625179,5.94128882533159,5.958050706646498,5.938690708907876,5.941584781145158,5.9313233454824,5.978325258621567,5.924207979835538,5.967049033597454,5.947749390069373,5.949199396732134,5.935359102209878,5.9704966458683035,5.964284650934983,5.958427843350625,5.970106065027939,5.968216735319489,5.97065551849604,5.972139819268973,5.988468136562128,5.987435668137507,5.979581823013976,5.97118883417064,5.987226700777473,5.970364096426992,5.983207836182162,5.988740325466632,5.990425012917231,5.976990807454703,5.980012277925865,5.989396084896436,5.990422973427094,5.995861761466625
38,5.992002548895049,5.837472462435934,5.9091125846618535,5.689797126705784,5.730091553308917,5.989495187785531,5.9504261325569665,5.936423087075032,5.815489098271418,5.929358377562213,5.990783311119382,5.9263987307864605,6.048638558694951,5.937228122110827,6.038023635756846,5.900134752727002,5.982363971651819,5.963298459205339,5.954020197045961,6.027088095612126,5.898831622700714,5.833874260539972,5.972879427914304,5.9788631221382555,5.940459930532097,6.022813927359155,5.993256926824655,5.99979612504886,6.0174642253379105,6.019964307951922,6.02824459120905,6.025674121211046,6.013750082088718,6.055544402285466,5.988015923431064,5.9913151781608,5.955987645692421,5.952541415977827,5.931817304397953,5.942295263471278,5.992956390201953,5.9818548008227035,5.970537852670697,5.9877609990004705,6.028952970712689,5.958688212420716,5.946143999743535,5.998154103939878,5.956195025394175,5.9759755067347395,5.977259541425328,5.97465343871447,5.974135229344187,5.993174605786994,6.03290774921913,5.960342280792366,5.988550458579308,5.976043237355038,6.012149609511503,5.976387157783141,6.001280147970072,5.983250565945949,6.009079292686056,6.0100990094454545,6.004103604626856,5.993589811735711,6.009657472090304,6.007571598775032,6.001171852820015,6.006231116859722,5.977678703281382,5.997268790084085
39,6.060607218845301,5.9587354863992115,5.986359252776364,5.960404875735321,5.901475050417911,5.898332715130776,5.958518309157028,5.961266224673047,6.001672404329199,5.951579173707888,5.966476293047501,5.9408736663320445,5.958399314783675,5.87523024443989,5.910109599640836,5.902171703012758,5.97654887332211,5.893218133019284,5.890719362793489,5.884134207535103,5.873402681669594,5.873914980977524,5.877047214054017,5.906822668286925,5.938022117783964,5.862968564709068,5.928252905163024,5.900242178269996,5.972999358022177,5.94763343131485,5.970352766103087,5.9442361672544175,5.933609150152957,5.923391055286281,5.926601986283656,5.902964426572991,5.934174268631446,5.940863874099358,5.903186939761531,5.9592220134484455,5.935600107606262,5.953527979254118,5.9346182756697585,5.937167293310201,5.925858435663752,5.974789098943177,5.919593319670757,5.963487846006986,5.944677828158808,5.946488883568179,5.931363402671034,5.967503124471157,5.961639417953317,5.955150898370925,5.96712026297205,5.966123459879559,5.967718556816315,5.969528063999001,5.986643865164877,5.9860967915172765,5.97811007845091,5.96959941357223,5.9857103713439805,5.968789590950334,5.982315733603733,5.987437430600347,5.989212804636512,5.975600919332564,5.979013183545985,5.988748051798245,5.989830647546256,5.995309083379775
40,4.400094193274263,4.577446493687424,4.617271991905592,4.770398643474939,4.914452538681493,4.974289800659122,4.988758859506264,5.077768440745697,5.208991342439883,5.23623517980565,5.274829442584876,5.42157482740853,5.451629079263814,5.547121012222062,5.540808293023441,5.627545018878163,5.6025766565530635,5.6731976033556855,5.759294221452291,5.711069378875106,5.747977624972522,5.803714392134675,5.817816350881074,5.838028043924665,5.873997128439403,5.8547536268728395,5.8418458348935545,5.862630260464051,5.8645509244798,5.879079437013811,5.901674590214084,5.957063454082181,5.9270584998449625,5.9585457855861295,5.9760965986641414,5.9865082269297565,5.961190006230052,5.957645563852602,5.996013793489416,5.95879370832149,5.988652847838727,5.98743394512932,5.9868684972237975,5.984782499273011,5.994220657741112,5.992704810993474,6.021137988228093,5.985966777079348,5.9931224984572715,6.00039010924306,6.018690624949606,6.02296263981746,6.018337269505101,6.021731010782108,6.015460732931583,6.008321250641536,6.020218152023387,6.018964698190919,5.9990676236038665,6.017646528589426,6.006094424662639,6.021490132935245,6.008990690344526,6.017551823831946,6.00972825770807,6.015272109916531,6.012293568948556,6.013650668268265,6.016437517645964,6.009612915167002,6.013752928911107,6.015039928646676
41,6.168927204478397,6.130311891579533,6.089306577954164,6.072809568273584,6.022463719771324,6.05635646987222,6.095427096036531,6.089776358791722,6.120109026725951,6.0881657188234986,6.0864468128291325,6.062115273641362,6.109192678074908,6.034050152068049,6.056236226725367,6.038478176760357,6.083716068525201,6.0035962049980744,6.03796229796694,6.001063646721895,5.984645188372601,5.973693631823487,5.989771005016706,6.027176922149835,6.047291339257023,5.970558407404431,6.009818315723477,5.986732154976132,6.047073652212411,6.025869878855719,6.037183424135007,6.0188329146139825,5.994551517914391,6.002469226270918,5.995316447816766,5.9839820896533436,5.992656801268029,5.98756855115685,5.960622000065753,6.001732592938415,5.989727510256627,5.995690874810825,5.970758622625358,5.977573862620279,5.977384627880968,6.005308710202328,5.960169592115312,5.994965851279259,5.972054305256444,5.970284114067263,5.969410603677146,5.995113855845498,5.985393921680796,5.986174746247298,5.995693089533321,5.98331610771092,5.996212613909805,5.9926683482540035,6.003267839162925,5.9975995297787295,5.991286610829062,5.983166789849309,5.999142783811598,5.983073025025397,5.98993106494477,5.999138696455039,6.001050260460056,5.988978795797729,5.988037475648597,5.994048870885288,5.994166926621584,5.999970812721184
42,5.906977945592535,5.735677474696267,5.9231340986973775,5.689705591939873,5.831068870718927,6.10013535424064,6.014371841087332,6.02947589000292,5.892768394964129,6.033153171471603,6.1255920500777705,6.121401650057268,6.196892189285165,6.139172695681968,6.239453747834421,6.0976793917549905,6.1639791571070965,6.221842704802592,6.16662508244439,6.276767662633302,6.134195972080781,6.087289058836225,6.2242085365794155,6.186512056495235,6.123522522235595,6.274392226670448,6.200679266570053,6.219192291273271,6.182771622730005,6.189006633190533,6.198130099196879,6.221655276872164,6.211319600989449,6.241459515279452,6.170514354175853,6.167565019730578,6.108901849116273,6.107653287623705,6.1034945653703945,6.060659619963049,6.134168020336614,6.113421632579291,6.114994603797742,6.11538809950852,6.153767304173982,6.04649807009285,6.069872070925354,6.082969808462488,6.054428810556827,6.0832318386943856,6.078102864253013,6.05572219094142,6.0577454135318884,6.070975817449667,6.110792552388381,6.029993452963904,6.046087237236048,6.029348971088332,6.055269077898393,6.026194636357287,6.051756889695266,6.038648052565046,6.045795581509559,6.066786300253937,6.05161623881746,6.021940872898719,6.038547691247452,6.044342052766446,6.039830349791183,6.038356587443416,6.000644329150549,6.01736476743699
43,6.2271186567964065,6.2218288983392736,6.128180146956998,6.107877241207533,6.063154767447762,6.125029095759027,6.149517358263144,6.1377152546389855,6.153200545503454,6.132464736433098,6.120901106571477,6.0933360333342375,6.167115873652376,6.089774816331547,6.111863903030102,6.0767314350267885,6.111766097584622,6.028068626411052,6.086786799846757,6.028693258449879,6.009568158556348,5.987061498508339,6.012513019527283,6.0618047189885305,6.071304923662419,5.998235864621957,6.01867727221596,5.999332480969043,6.055993642159809,6.039256520152059,6.043760928913576,6.028069727300321,5.997646528824905,6.018403541837503,6.004152426761676,6.004423409418706,6.001045440033138,5.985031960306472,5.964970958430937,5.999387202888953,5.998821837879289,5.9976965707938215,5.968699974234055,5.981316272775202,5.990149610890311,6.001739284146462,5.962121822156923,5.996165847484717,5.971959814303294,5.968097142659116,5.978148974555696,5.996070729862848,5.984804484204102,5.992483190761561,6.001542641743777,5.979273521384045,6.003496223718846,5.994448677576614,6.004682030681034,5.9939612747043425,5.991157014774583,5.981868187989228,5.999866127664754,5.984403923999722,5.987720130916962,5.999882644948518,6.00377360845927,5.992869477578136,5.98844937670748,5.992264936053305,5.99125000440985,5.998672370836272
44,5.931668894738712,5.733219725642,5.877412974571155,5.611021837754033,5.694885120587762,5.995513802682011,5.93268245735538,5.926629755921849,5.775566292802551,5.921320676679102,6.008020120669803,5.9529177249274525,6.069967390678031,5.963098208176305,6.080975557280318,5.9214411998719365,6.012350078532392,6.025749917171862,5.98743334883013,6.0991837912882865,5.943141414451487,5.875663204275097,6.037178195960056,6.021722606902393,5.968300033140751,6.098873292960655,6.050158602145915,6.063944783521046,6.061149595987004,6.0669198794509045,6.077586239888804,6.08416278191974,6.075919810030305,6.11736353787278,6.038324601770413,6.038482415400973,5.991534539471639,5.992571784443248,5.974223049845927,5.967022328792783,6.033172733878274,6.018270860105842,6.013534642587633,6.0260776520595405,6.0719932111270465,5.977271542097279,5.977951191506628,6.024079183483346,5.981334881894642,6.008887379809688,6.004931344090556,5.9945967682305685,5.996655155469445,6.015406836633423,6.062149651664985,5.977151312853818,6.001784501937149,5.987750083564982,6.026847997990868,5.988330683740762,6.018254698284833,5.999531610444231,6.021997286482063,6.031459573824137,6.021637280902669,6.000750804608836,6.019339499904896,6.020595437776686,6.014747555010364,6.018731527284432,5.98183211603174,6.003167073179926
45,6.147516767562468,6.096885194418306,6.0711850789467565,6.053804603825256,6.00156178070845,6.027613309771456,6.071117025168321,6.0671707137604685,6.100344340409876,6.065131183001693,6.06672679917325,6.04232648344465,6.082435756301868,6.0066397614366975,6.030416725089159,6.016061626624519,6.066093724924591,5.98617218063382,6.0127558867894795,5.98265854053378,5.9671453273071124,5.958946492242446,5.972447021607229,6.007237150766491,6.030034353152843,5.953324307414001,5.998172191706146,5.974077131868941,6.0362757322255565,6.0140817580452195,6.0276120914081055,6.007943048937372,5.986251702787385,5.990345861870731,5.985277755925653,5.970959631301439,5.983929104018139,5.981765193661306,5.952629930781888,5.996442637211427,5.981519105765871,5.989855590818127,5.966275546493541,5.971873803993901,5.969227822788423,6.001731730910995,5.9547149867814815,5.990770853776253,5.968489202105058,5.967437603076616,5.963401605767944,5.991331878052062,5.982333774229003,5.98136770682002,5.991265508908215,5.981571795618799,5.9915891055312835,5.989468491658003,6.000941031892819,5.996477544979794,5.989586109204074,5.981569882178345,5.997332304998514,5.981078412618671,5.989195487297885,5.99752533184111,5.999162961831947,5.986784792552116,5.986819045897435,5.993580302150935,5.993948678079752,5.9995080682055155
46,-0.46661340259924167,-0.22448309697424396,-0.3587009388308733,-0.26900101150574685,-0.15250068821351714,0.1102215041744472,0.26878823883072567,0.40544943252869636,0.4048498828737124,0.6195545210105307,0.7392191461262696,0.7217482088687488,1.0785649528800887,1.1125421812672283,1.3761303204796067,1.3615012275152791,1.5816364022865383,1.5913539525905325,1.7625355169927515,1.8294277245114232,2.0029476946338964,1.96773919326357,2.1026323392646016,2.3541320751795696,2.419148510382577,2.614023267603309,2.6632882076322932,2.783893825577562,2.961430551830923,3.140320229372092,3.2147069758485016,3.2208546500558373,3.3842018678482932,3.5113975752214066,3.562302628390906,3.727553872977304,3.8658980417174074,3.8382674115651723,3.927314159670167,4.068354962900776,4.1838013017785265,4.264472895653445,4.341469171869557,4.4949017609020485,4.595462433232741,4.592351046404926,4.623074680009349,4.804779413796401,4.865365459040989,4.888461670064286,4.969306645046035,4.972427199267601,5.044706738789392,5.138705013092099,5.156716769476655,5.15648191124821,5.278895220897848,5.285734682154031,5.4025790249130425,5.369936396145495,5.463588002111506,5.465846257406813,5.545514153634404,5.53465469711375,5.569185971155503,5.6322062441880485,5.676901810991785,5.698148073736645,5.693792704122968,5.709576216132462,5.733545132018302,5.7831565826004265
47,1.9772787605810302,1.9421504216234022,2.0853733825896428,1.994933986670723,2.1080390417103785,2.464533876610875,2.5544645791878424,2.647271406239366,2.643435442460204,2.8495442640405906,3.0056829838991375,3.000172508557643,3.249168583660519,3.1951745671544503,3.401267135195286,3.3676696520133182,3.552381426957024,3.5794227120294444,3.657722626108728,3.7925784039533825,3.7544776389361854,3.732130539816647,3.941561878161754,4.045559523577412,4.101927975670439,4.235542347615868,4.290319515639164,4.3562977637377855,4.479715375545262,4.560477181398046,4.631761502489074,4.655202044453759,4.71118776420239,4.809101465621006,4.788577208513124,4.844608434200368,4.8888992236417295,4.913217842636539,4.930864056169801,5.022465464117696,5.104621581405349,5.149803933101079,5.180795987160326,5.251980685553429,5.327368844106254,5.310632883448187,5.305572623135117,5.434919560480203,5.4128835748249555,5.452502747378793,5.471424936170574,5.5049330201731514,5.5364137835592135,5.582336561193564,5.631205015570824,5.580429119380298,5.639502110301987,5.65188070138572,5.7317192307502856,5.70366636504151,5.7522143639761705,5.747206816254482,5.8037140471308275,5.794674346716989,5.810722776547892,5.831209612012765,5.857067051461333,5.85907290731181,5.86211801337637,5.87981625596812,5.869064892067615,5.90798555146543
48,6.092169427928415,5.994909108103078,5.994969197339941,5.839198528693431,5.847381392803458,6.049911027072608,6.030078965668556,6.013170030578848,5.932673090376841,6.005578589627235,6.039234021868496,5.981644373200804,6.096919001417707,5.993455031617533,6.0683720649162085,5.9598691266725545,6.024391146714084,5.980068160643074,6.000435874637597,6.025274472348945,5.9316588636246275,5.87628273844748,5.981581853926175,6.0057416862245505,5.981423189176235,6.011465683813502,5.995775934424507,5.994337543421857,6.025769448076585,6.023028224526706,6.028073187828159,6.020471357863879,6.001197259629684,6.039941098199502,5.987674272833272,5.9929137102826955,5.965939450778867,5.956055966919698,5.936273466024158,5.955512686825413,5.990837063990557,5.981623062134909,5.963166983380912,5.9811469273503475,6.0142998467942475,5.96822827022851,5.946580571263094,5.994508063782118,5.957001366660923,5.9681515750410945,5.975088840978853,5.97811075141536,5.973683777763553,5.9909853736386305,6.0207083745094385,5.962569904457788,5.992500201893537,5.98026909188834,6.0083273159705035,5.978885311055141,5.995758503538501,5.980046658493334,6.004796541518621,5.99957127104425,5.9961031420646975,5.9945932502703325,6.007063904228206,6.002079994233197,5.99537559399198,5.999865349396852,5.980365435836017,5.996486124666991
49,2.2187582687553475,2.216850153793873,2.408553008673784,2.3870869960805483,2.6058922267824687,2.878917299219713,2.9279716097091235,3.0638014696335825,3.114627438138238,3.2598522799170775,3.4202952838538554,3.535521078364229,3.705884084108329,3.718168123811801,3.889781928434667,3.8807682379011257,4.033493611385294,4.111804958271144,4.17920149909032,4.261325115740637,4.253737633741547,4.278491192059166,4.422750557759865,4.506943255332306,4.548048497974727,4.67474336330486,4.68686711973284,4.747931664768175,4.831115444679634,4.896337496545759,4.969493138114031,5.022836072613942,5.053479247933661,5.126694513974417,5.127106253495433,5.173857895035732,5.1951257965499105,5.204377074218836,5.240979161472884,5.269956966172618,5.367419044751658,5.400198977582944,5.42616450201242,5.468827118077154,5.523686446908059,5.4942610774023874,5.516382476441057,5.583953475432648,5.586620098147662,5.6264245323308675,5.644645904555534,5.664180736985124,5.686887074319622,5.719325014496894,5.755288658568839,5.7050035254858305,5.755105749538379,5.753677198096256,5.80722138521759,5.802352154865841,5.832883331306305,5.835645699589693,5.863037866766254,5.872986934223281,5.88066803242081,5.885214347111341,5.908054615013476,5.912664686119724,5.917783566132812,5.924726301133478,5.912667307735821,5.943398086892016
50,5.968323376449646,5.798367663854346,5.8926457881094665,5.6560191551530625,5.708874001052523,5.983750880954797,5.93743358340748,5.92523077163511,5.792970924315561,5.918462799103146,5.988190370316078,5.924570277829647,6.046922471285421,5.935437685154505,6.042838137401497,5.8967893454477185,5.982801746028341,5.973278698374202,5.954720183481228,6.04134673602554,5.903299343566099,5.836454789038269,5.984187251375491,5.983758153993468,5.940475007995826,6.039055339270824,6.00376993635198,6.012804372894054,6.02460944555808,6.028514210352483,6.037556819602786,6.03739889441689,6.02716780756003,6.069388560775546,5.9976062362824765,6.000196779152503,5.961454537771565,5.959584244002534,5.939300621415942,5.945140282970981,6.000866291082494,5.988714124389551,5.979603432249144,5.995909888897731,6.039140154376217,5.96082975555924,5.95212461556452,6.003499313168294,5.960851881657972,5.983208795544394,5.9828720853126685,5.97790817113034,5.978408576301625,5.997699258091213,6.0400451728247315,5.9631723968129275,5.990567814009602,5.977685340250123,6.0154034569944885,5.978225415628836,6.005197435049057,5.986728137478384,6.012059200543273,6.015533767814996,6.008434925480296,5.994787551747174,6.011827400504822,6.01079813805635,6.004503395996587,6.009400496004667,5.97806913302503,5.998449946734883
51,3.9616802725108924,4.153215923827082,4.197267260646875,4.383423626685188,4.548397083212173,4.6001003633154935,4.63130449409923,4.742888383049044,4.913352971625691,4.923560710005685,4.973747303885234,5.15532923023143,5.192652807094978,5.29373333586729,5.296591734082383,5.401039846187207,5.392682860545729,5.462113226860067,5.569040919041256,5.501989894475096,5.558160352348853,5.6308460039895225,5.63878370034147,5.679704942318259,5.730777326688023,5.695794089827889,5.694120028646841,5.716500952040534,5.739700783348915,5.755943001172972,5.790480512101118,5.852582678450393,5.819471778948509,5.854305289543873,5.884270257463511,5.898633156855271,5.882081555437425,5.877204118675948,5.919546898551471,5.889213649583395,5.924671712520244,5.9299566621060595,5.9274317555793,5.926687119797758,5.935211533049692,5.946806169497059,5.9720935640301684,5.940621299505612,5.952240566886186,5.961459318172294,5.982237332935352,5.9950068160260255,5.98993869571612,5.993627751295401,5.987054437617676,5.980827637657773,5.998270759015368,5.995869307453849,5.977940714675581,6.0033873834588185,5.988046771243245,6.005348023803957,5.993508237615522,6.001312346165727,5.996606067292985,6.005185038559931,6.003108556854193,6.002492371248043,6.007002232164471,6.00068611293695,6.0076635544237975,6.010747478290204
52,6.218289143220636,6.2082818030191245,6.123230127246315,6.104511108867301,6.058729035909445,6.115411695624887,6.1424737339776225,6.131750960573014,6.150430466015816,6.127549953075372,6.117401858685364,6.0907186404045515,6.159692877642638,6.083135712511318,6.104687477490119,6.073158232047059,6.109361167951872,6.026363685141621,6.081291924250715,6.026374992362378,6.007904824464278,5.987603622773845,6.011218789589746,6.058376015549761,6.069896088609122,5.995611763192293,6.019332290723294,5.9992895726571716,6.056465506386048,6.038863998448601,6.044461270332618,6.028437579691921,5.99881770436056,6.017392005550897,6.004449532435536,6.002651875732838,6.001186002094056,5.98707325708626,5.965898623982961,6.001318090863952,5.998604137812568,5.998627726103698,5.970246082451934,5.981756639147067,5.988959103975377,6.003537717546266,5.962999027053084,5.996878013215529,5.972858465163703,5.969276699359373,5.977492761237527,5.996792250436486,5.985699912506426,5.99212336102232,6.001136886466682,5.980700270381393,6.002890340763848,5.994835591289629,6.004885196126481,5.9951394144193255,5.991573066809653,5.982563694577084,6.0001123468335,5.984511586878719,5.988390428146078,6.00010950580584,6.003561935699049,5.992433580961682,5.988617916380493,5.992777121629211,5.9920334494028635,5.999100862702569
53,6.185937915872573,6.14546497828644,6.0790302310192175,5.988707190650363,5.969934987180682,6.11265176949285,6.110718671546772,6.093245972166638,6.055109974758402,6.085337207376023,6.092536494445016,6.046767702418757,6.15159845688579,6.058910301375742,6.1075331782356255,6.029415795696572,6.076012714516977,6.009309645371701,6.057675088004338,6.033952186368536,5.976038104037689,5.932370592061366,6.001782485054787,6.042969516027674,6.032267001878814,6.011123968854866,6.00793594409553,5.998602380665845,6.042245593188805,6.033935107049567,6.036258965464825,6.024905022735556,5.997950026797937,6.032436149580664,5.996373208871262,6.003063445929456,5.984015642425278,5.967515043538565,5.949411556536374,5.975078436764158,5.9958615617620294,5.988381525095684,5.963044832388911,5.980659840585382,6.004946088222197,5.98258214963519,5.953072082776273,5.994757560480615,5.962861121496865,5.965681369039364,5.977902583295828,5.986095072273574,5.977681930314201,5.992656101925344,6.012067376272303,5.9684518447140995,5.999524667252453,5.98718640240821,6.006496563852713,5.9843423373396725,5.9926736397064,5.979608577914282,6.002146159461339,5.991578621497124,5.990425708521746,5.99707358013186,6.0059148827459525,5.998216959835641,5.991415117967066,5.99499645662175,5.984399014685143,5.9968106129387255
54,6.193934795870187,6.169884053062418,6.1079340386502,6.091277998170959,6.043160475676983,6.087674028243128,6.1210180305092345,6.113004019698199,6.138485203107805,6.110790405634784,6.104871505158733,6.079850126017388,6.136984275874256,6.061698594269725,6.082928621674457,6.059362531872114,6.099572425281425,6.01839413713991,6.062836099102452,6.017083663577458,5.999689107807202,5.984571975509783,6.004129501469612,6.045848295444137,6.062086357095263,5.985997508724375,6.0178814209780125,5.996196293416511,6.054755149644955,6.035127882461594,6.043641906192631,6.026610449036192,5.999463480953498,6.0124687381819895,6.002586597945611,5.995614654255521,5.9991817077786775,5.9899172585896965,5.96577993276755,6.003911884545808,5.996124630423813,5.999155580581151,5.972510187015446,5.981363078502354,5.984600399842656,6.006311723624711,5.963444347187814,5.997389497599585,5.973851849350537,5.97117052728583,5.974603889245169,5.997304323055398,5.98681913808546,5.990166801167057,5.99933691241303,5.983237046359524,6.000373173919815,5.9947664530166875,6.0047888654162564,5.997305281581907,5.992103384119418,5.983661148900284,6.000233377560345,5.984377686211649,5.989737367278963,6.00015677042343,6.002671826343999,5.991028056862538,5.988740611337065,5.993830940328515,5.9935850469190575,5.99989381390067
55,1.8424221834518333,1.8094894681549754,2.2403425950081077,2.240192707860741,2.2558857252578037,2.4986459626291664,2.6542611872815303,2.728824525244309,2.7747448445930964,3.0564733267666098,3.2178027150631974,3.141217249492088,3.2132427194349864,3.281727701959609,3.385138472624179,3.5445597132827347,3.6234170220691424,3.7602310441276767,3.690587401422873,4.0323047320435235,3.9789473903793913,3.999440118993739,4.199661865156746,4.131044346085979,4.253315184266351,4.402874436990736,4.549584094225036,4.617766445032248,4.654978205191662,4.733180427551305,4.796497345176274,4.817095708214974,4.921332144320013,4.963843482062518,4.953783867809475,4.9332517919339045,5.002966565156673,5.127478181311622,5.126000831745663,5.218272282771883,5.188860239209355,5.254656344264871,5.338213362714816,5.374029755128496,5.408821104814216,5.466086464517928,5.47278634998165,5.559826416047112,5.525262576037222,5.566025121013466,5.522678020644891,5.575276516648017,5.621871588430365,5.626646740432018,5.661235613113434,5.701544058679408,5.656226770175251,5.735007446191518,5.7782836078627,5.766269932149082,5.800822655332383,5.8182275270023025,5.85161935648929,5.836722738221685,5.855377397375114,5.866923638137292,5.861033688652152,5.869206063296647,5.890618168352089,5.917469251003622,5.919733102745931,5.933863667208664
56,6.171265182397768,6.122348648789449,6.065353267581472,5.965177827016241,5.949503355579294,6.101630731571666,6.0974602700393055,6.079769843828821,6.035417078006249,6.072223315827563,6.083245697770859,6.035030151064211,6.141918783739996,6.047148731776491,6.099683268898633,6.017204945889887,6.06651999601171,6.002678773850964,6.047222154366491,6.030831514481724,5.967351527167205,5.921747505631117,5.996947471827782,6.035730409628954,6.023310120087904,6.009317258179751,6.004745486252593,5.996529528446082,6.038746318614258,6.031237676526764,6.0339708103004135,6.02301195258197,5.997146353067149,6.0324710090166205,5.993867512056124,6.000294547454727,5.980151414830058,5.964803636556853,5.94625427491467,5.971444282899121,5.994148823166731,5.986483391733764,5.962090572672351,5.9798759193228825,6.005576281233157,5.97997206483707,5.951324820290095,5.994304331475879,5.961280778483427,5.965315737718509,5.976733404344084,5.984386971018275,5.976542432917718,5.991895166508363,6.01291421120034,5.967156135701298,5.998070500883307,5.98588051850843,6.0065691776403325,5.983228993471702,5.992829696542638,5.979340152855592,6.002392728093204,5.992425477255429,5.990981586387473,5.996567630006509,6.005911724913348,5.998544053681124,5.9917565981858285,5.9955548911475836,5.98366911784371,5.9966630432538395
57,5.907292862938757,5.698541713741663,5.868226391273252,5.593509711455897,5.691512854708888,5.9988758407094,5.929824713337973,5.92758957935484,5.771823800898469,5.9251235903172175,6.019189760035454,5.970130764406002,6.08098204505929,5.979426129736389,6.099602945143026,5.938365929720068,6.02949146403699,6.054907933085681,6.006774730294285,6.130023465262427,5.967737229070368,5.902100004546673,6.067442237007141,6.043572991923102,5.987024190663129,6.1303324263400345,6.0768046499811845,6.09252289078571,6.082232336047987,6.0884821949152546,6.100050878799299,6.1101625106916435,6.102838749715145,6.142725829888153,6.061712719758167,6.05974134370209,6.009585534977559,6.012844031843956,5.99557783356127,5.981886471702954,6.051190144916744,6.035377753402078,6.0330421560102865,6.042991885040835,6.088952758817337,5.9886737536849255,5.993890738728644,6.0360244436290635,5.9937760753102065,6.023507279184225,6.0172686656029315,6.004912327556343,6.0076391915891065,6.0253164202076235,6.073332104730515,5.986394510017991,6.008386414626567,5.994494761405515,6.033117106430355,5.994977396963743,6.0254294620388,6.007151867985427,6.027500380781876,6.039720537734781,6.02873159134904,6.004516500942203,6.023247947058626,6.0255412927535374,6.020225878288768,6.0237415652009565,5.984825635382039,6.006064257605648
58,6.2416041154800315,6.242619936681871,6.135044177472796,6.10829853583525,6.0667652993861685,6.141652164543236,6.1602543268648216,6.146276134124506,6.153335232268394,6.138726531336304,6.125602287294704,6.09558018866435,6.179382690801945,6.099751593292075,6.124249015183656,6.080391453269322,6.114143938826201,6.029914920303822,6.094729163856274,6.032642942500324,6.010521382222654,5.9830376278824735,6.0137815109941615,6.066569289365608,6.071410781666928,6.003114105923249,6.0165515008127795,5.998908523416589,6.054096800581376,6.039297149471338,6.0417847252367025,6.026833182354865,5.9952153290845756,6.020446954187057,6.002842805998033,6.00712720666539,5.9996784795774385,5.980197997790457,5.962183885403955,5.99442790467222,5.998777012916629,5.995326653333492,5.965413034746342,5.98025437584051,5.992714517106983,5.997319878039966,5.959798478984264,5.994576082231787,5.96972987628361,5.965701652333809,5.9791126199471805,5.994097600442174,5.982678036332414,5.992950774237329,6.002611959769684,5.976022978404077,6.004233274502753,5.993209952274689,6.00428395213622,5.991270170334725,5.990389302038734,5.980389385028498,5.999420203764447,5.984460659551938,5.98658534668524,5.999240299095412,6.004189379703417,5.993840067723592,5.988227008859829,5.991423235894822,5.989447239104863,5.997761051690267
59,1.7612713345634714,1.7241055532756957,2.112714176905969,2.106791348249746,2.1952460332994956,2.4614019841888553,2.5922705403337716,2.695507855070912,2.7609200398091174,3.002336656116325,3.177064441506027,3.173414184879277,3.2780479177952166,3.326072233665818,3.4564794836194683,3.5738470309186265,3.6853549995595727,3.8081980316427586,3.784155301472746,4.052111809230958,4.005421666837798,4.035614422765298,4.229295645781978,4.207707677592344,4.315133496013564,4.452235331173542,4.567472852243359,4.633404474483036,4.693986595840919,4.765764045375274,4.839826280544428,4.875434749528928,4.951942244891898,5.006388167727617,4.999807204882741,4.995299201728403,5.050280671084947,5.1456312772609865,5.153151738440133,5.229925548322618,5.240578905525573,5.299103777386547,5.363451733634275,5.398623540724762,5.439780152629221,5.476544702467859,5.484214697224544,5.568002736208332,5.5401033341413894,5.584124669427066,5.556114199258394,5.606285834161595,5.6442391769303955,5.655433521423234,5.694024174819004,5.703578290429253,5.685939947402224,5.742012827193538,5.789354884501725,5.782148277503738,5.812396992522996,5.825958952133672,5.8581587791879,5.850053421778545,5.866266305356149,5.874964308221952,5.877348529059786,5.882454753336117,5.900654805587331,5.922718293045104,5.919461097741631,5.939801393147409
