,0,1,2,3,4,5,6,7,8,9,10,11,12,13,14,15,16,17,18,19,20,21,22,23,24,25,26,27,28,29,30,31,32,33,34,35,36,37,38,39,40,41,42,43,44,45,46,47,48,49,50,51,52,53,54,55,56,57,58,59,60,61,62,63,64,65,66,67,68,69,70,71,72,73,74,75,76,77,78,79,80,81,82,83,84,85,86,87,88,89,90,91,92,93,94,95,96,97,98,99,100,101,102,103,104,105,106,107,108,109,110,111,112,113,114,115,116,117
0,0.0057188915,0.03888405,0.005387535,0.009895071,0.004011278,0.0019703757,0.0049133785,-0.006433243,-0.001168201,-0.004132777,-0.010948196,0.00064408686,0.009655266,1.7477898e-05,0.004023223,0.0019577944,0.006744438,0.0008959668,0.0071188617,-0.006490259,-0.00887271,-0.009723093,-0.0075859204,0.003469618,0.0032127681,-0.006561352,-0.01251417,-0.010114567,-0.002056757,-0.0034476407,-0.0021498292,0.0020298199,-0.007850862,-0.0032006868,-0.0060154893,-0.0030825818,-0.008216267,-0.016707795,-0.015408747,-0.014416966,-0.0047735143,-0.007917094,-0.017918844,-0.01642497,-0.0124738375,-0.014274607,-0.01978777,-0.01602528,-0.021284696,-0.021305205,-0.0143626295,-0.009369079,-0.014735553,-0.012355508,-0.006583986,-0.02119157,-0.0067493655,-0.015419585,-0.012443877,-0.012016407,-0.015955457,-0.018788517,-0.014276228,-0.017411787,-0.018333696,-0.008122582,-0.0034136279,-0.011158809,-0.014111869,-0.015450654,-0.021452382,-0.009447654,-0.0152645735,-0.010429032,-0.011315665,-0.004146212,-0.009119117,-0.01526873,-0.0039236313,-0.012170804,-0.016976366,-0.012311644,-0.013836187,-0.0046750093,-0.009377131,-0.013373837,-0.012476087,-0.0020242257,-0.015223661,-0.014219151,-0.012588597,-0.010073725,-0.0200743,-0.0084061865,-0.012320393,-0.014749689,-0.011978356,-0.014709059,-0.016605511,-0.013339533,-0.017226929,-0.024919061,-0.016031133,-0.015714614,-0.020745063,-0.022629078,-0.016219152,-0.025441805,-0.020775957,-0.015610203,-0.019486645,-0.023197956,-0.017732833,-0.023005307,-0.026267437,-0.030974248,-0.025497666,-0.026070816
1,-0.0015757643,0.038284134,0.0068484056,0.014115373,0.0010765679,0.002406675,0.007014003,-0.0065495926,-0.004600826,-0.00028388668,-0.00761694,-0.0054678945,0.0018575937,-0.0019189655,-0.0019871877,0.0010782781,0.00014681183,-0.0022518784,0.00030344306,-0.00089165475,-0.005506391,-0.009009838,-0.0038953456,7.971094e-05,0.00047324272,-0.0050008586,-0.006906824,-0.0054692277,-0.0022666408,-0.0018787417,-0.0036760299,-0.0027633645,-0.0062079057,-0.0031864517,-0.008056996,-0.007891115,-0.010896751,-0.013003714,-0.0134935165,-0.012774512,-0.012052106,-0.014976548,-0.017325932,-0.015477448,-0.01111179,-0.012833789,-0.016303934,-0.013493393,-0.018756079,-0.021144839,-0.01686057,-0.016829481,-0.018657103,-0.015189884,-0.014217198,-0.01859048,-0.013483946,-0.013212755,-0.013548932,-0.018770704,-0.01772144,-0.018144857,-0.01322347,-0.018411875,-0.021283546,-0.011096341,-0.010119449,-0.012142413,-0.016317075,-0.015695712,-0.01597314,-0.013270823,-0.017168552,-0.012908982,-0.0153228445,-0.010995073,-0.011649549,-0.011585751,-0.0045777555,-0.012109192,-0.010137767,-0.01457572,-0.013201856,-0.009443179,-0.016389618,-0.015390143,-0.014094015,-0.0108566005,-0.0128120035,-0.010749169,-0.013017321,-0.010675253,-0.018611213,-0.013546147,-0.015818967,-0.014542979,-0.012067132,-0.011901312,-0.018685685,-0.014143702,-0.016403632,-0.020467078,-0.017868094,-0.02240206,-0.020045348,-0.024965761,-0.018510668,-0.026830701,-0.023494316,-0.021797907,-0.0229501,-0.025080178,-0.026086219,-0.0227441,-0.027414747,-0.026736181,-0.029270506,-0.030129865
2,-0.013090344,0.03786261,0.008805773,0.020423893,-0.003992009,0.0032718594,0.010356475,-0.006903112,-0.010084864,0.005960089,-0.0024389308,-0.015178228,-0.009874011,-0.0046211164,-0.011273045,-0.00011278759,-0.01047366,-0.0075739734,-0.009914939,0.007799453,-0.0006140964,-0.008446625,0.0019239997,-0.0050125998,-0.0034486605,-0.0026100925,0.001653472,0.001743326,-0.002605081,0.0006419257,-0.006128842,-0.010071133,-0.003964495,-0.002773317,-0.011180545,-0.015094128,-0.015380783,-0.007561394,-0.010652939,-0.010293995,-0.023322558,-0.026137633,-0.016873697,-0.014252771,-0.008701287,-0.010509877,-0.010733024,-0.009285962,-0.015317433,-0.021463934,-0.020811077,-0.028334806,-0.02488275,-0.019405635,-0.025766442,-0.014733173,-0.023683403,-0.009277764,-0.015050012,-0.02942812,-0.020659698,-0.017203907,-0.011167712,-0.020072052,-0.026380729,-0.015273696,-0.020401426,-0.013675011,-0.019974202,-0.016322654,-0.0076870304,-0.019151194,-0.020649165,-0.016840631,-0.021866556,-0.021491677,-0.015826253,-0.005810591,-0.004944242,-0.012072086,0.0007072743,-0.018467236,-0.012268307,-0.016707659,-0.027770782,-0.01868967,-0.016594235,-0.024222188,-0.009042188,-0.004935869,-0.013545228,-0.0110911075,-0.016803777,-0.021446459,-0.021444285,-0.013966361,-0.011859761,-0.006882392,-0.02213241,-0.015006529,-0.014537975,-0.013482768,-0.020287588,-0.032954063,-0.018918185,-0.029089406,-0.021559224,-0.029471843,-0.027775181,-0.030949567,-0.028227225,-0.027688826,-0.038973425,-0.021792464,-0.02892346,-0.01979077,-0.03511107,-0.036532193
3,-0.012373729,0.037868574,0.008696934,0.02004125,-0.003664595,0.0032086796,0.010149138,-0.006875786,-0.009744827,0.0055698287,-0.0027553253,-0.014574425,-0.009163349,-0.004468049,-0.010702675,-4.6020956e-05,-0.009805485,-0.007231001,-0.009302479,0.0072618416,-0.0009045657,-0.008466033,0.0015602205,-0.004707548,-0.0032219337,-0.0027558214,0.0011302363,0.0013032602,-0.0025829612,0.00048657274,-0.0059740935,-0.009626486,-0.004091298,-0.0028103855,-0.010990713,-0.014659603,-0.015094416,-0.007888193,-0.010825703,-0.010440093,-0.02262794,-0.025442863,-0.016888402,-0.014319632,-0.008860484,-0.010655383,-0.01108213,-0.009549579,-0.015514038,-0.02142657,-0.020569736,-0.02763205,-0.024496894,-0.019158425,-0.025066212,-0.014960405,-0.023065604,-0.009535918,-0.01496057,-0.028767582,-0.020469973,-0.01726097,-0.011305878,-0.019967956,-0.02604865,-0.015027197,-0.019773284,-0.013582304,-0.019742284,-0.016273968,-0.008191928,-0.018791104,-0.0204197,-0.016589036,-0.021451827,-0.02085007,-0.015563689,-0.006166344,-0.004938964,-0.012070541,3.0336902e-05,-0.018220125,-0.012321793,-0.016263848,-0.027050355,-0.018479643,-0.01643958,-0.02341218,-0.009282099,-0.005311638,-0.013517507,-0.011085402,-0.016897129,-0.020968959,-0.02109002,-0.014013788,-0.011881495,-0.0072136447,-0.021918083,-0.014966612,-0.0146704875,-0.013914839,-0.02015677,-0.032299645,-0.018987225,-0.028819015,-0.021385487,-0.029295597,-0.027513508,-0.030403681,-0.027906742,-0.027536998,-0.038182754,-0.021864664,-0.02883956,-0.020231035,-0.034752548,-0.03613683
4,0.0088339485,0.03920737,0.0047215037,0.008039992,0.005190151,0.0018038529,0.004026863,-0.0064069494,0.00027827127,-0.005741161,-0.012369836,0.0032351352,0.013062211,0.00088347774,0.0066118008,0.00235566,0.0095293205,0.0021862136,0.010086574,-0.008898129,-0.010371303,-0.010118596,-0.009163952,0.004943772,0.00442914,-0.0072359354,-0.014942476,-0.012101086,-0.0019614422,-0.0041006124,-0.0014989766,0.0041096997,-0.00859524,-0.0031448149,-0.0051332433,-0.0009819517,-0.007112853,-0.01834522,-0.01625825,-0.015123329,-0.001639039,-0.0049102246,-0.018244345,-0.016866164,-0.013016756,-0.014878197,-0.0212666,-0.017061204,-0.022444628,-0.02145774,-0.013312003,-0.0061591063,-0.01307509,-0.0111238845,-0.0032591613,-0.022328483,-0.003824892,-0.016294345,-0.011925782,-0.009141028,-0.015218596,-0.019077256,-0.014659357,-0.016999613,-0.01713546,-0.0067747184,-0.0005130125,-0.01074128,-0.013200458,-0.015373118,-0.023843568,-0.007796012,-0.01452582,-0.009357801,-0.009643223,-0.0011851215,-0.008075557,-0.016842997,-0.0035405164,-0.012204589,-0.019886453,-0.011406966,-0.014113583,-0.0026009544,-0.0064277533,-0.01253148,-0.011773414,0.0018164122,-0.016272001,-0.015655184,-0.0123827765,-0.009748366,-0.020766951,-0.006203354,-0.010841543,-0.014812504,-0.011883008,-0.015821995,-0.015754804,-0.012938774,-0.017492834,-0.026821781,-0.0151896775,-0.012866901,-0.02103175,-0.021694805,-0.015153072,-0.024924431,-0.019628718,-0.012891571,-0.017985731,-0.022339195,-0.0141291395,-0.02302922,-0.025730195,-0.032743856,-0.02388041,-0.024351804
5,0.0013479823,0.03849654,0.0062808865,0.012444612,0.0022806432,0.0022230828,0.006168901,-0.006493387,-0.0032187437,-0.0018390063,-0.0089505995,-0.0030121608,0.0049512857,-0.0011602398,0.0004120539,0.0014209149,0.0028038174,-0.0009691557,0.0030091687,-0.0031281104,-0.0068312716,-0.009260923,-0.005373926,0.0014262768,0.0015509999,-0.005622684,-0.0091394745,-0.0073278574,-0.002183666,-0.0025126785,-0.0030630627,-0.0008560801,-0.006848147,-0.0032160608,-0.007243521,-0.005984002,-0.009806566,-0.014465643,-0.014249371,-0.013429195,-0.009146127,-0.012144787,-0.017535064,-0.015842205,-0.011672916,-0.013415281,-0.017704206,-0.014524079,-0.019737575,-0.021175785,-0.015855147,-0.0138512235,-0.017081073,-0.014064634,-0.011184799,-0.019621262,-0.010806056,-0.014123986,-0.013122749,-0.01606148,-0.017006053,-0.01839788,-0.01367051,-0.018005561,-0.020076375,-0.009935161,-0.0074473703,-0.0117478585,-0.015421877,-0.015585558,-0.018148616,-0.011746615,-0.016376577,-0.011917729,-0.013702497,-0.008265996,-0.010622149,-0.013060833,-0.0043559056,-0.01213084,-0.012882333,-0.013645863,-0.013453109,-0.0075470335,-0.013560961,-0.014574931,-0.013449599,-0.0073462157,-0.013773112,-0.012158588,-0.012854354,-0.01046277,-0.01916992,-0.011492597,-0.014410719,-0.014637535,-0.01205327,-0.013060896,-0.017839005,-0.013844425,-0.016767327,-0.022250157,-0.017156437,-0.019719813,-0.020329269,-0.024003917,-0.017626338,-0.026245449,-0.02240157,-0.019350253,-0.021571374,-0.024347326,-0.022753749,-0.022882396,-0.026973201,-0.028450428,-0.027762406,-0.028499564
6,-0.0012669414,0.03830481,0.006789498,0.013939799,0.0012050746,0.0023864813,0.006924682,-0.006543174,-0.004454828,-0.00044849934,-0.0077574956,-0.00520839,0.002182695,-0.0018400172,-0.0017342749,0.0011138946,0.00042823516,-0.0021151975,0.00058741355,-0.0011276891,-0.005644988,-0.009034724,-0.0040516932,0.00022103506,0.00058561866,-0.005066256,-0.007141955,-0.0056649647,-0.0022579227,-0.001945741,-0.003611204,-0.0025628153,-0.00627448,-0.003190746,-0.007971447,-0.007690762,-0.010780796,-0.013157122,-0.013572904,-0.012843086,-0.011745654,-0.014677315,-0.017346751,-0.015515126,-0.011171923,-0.012895431,-0.016452065,-0.01360269,-0.018858103,-0.021146445,-0.016754497,-0.01651591,-0.018490646,-0.01507219,-0.0138985,-0.018698322,-0.013202392,-0.013310313,-0.013504462,-0.018484667,-0.017645283,-0.018171418,-0.013271836,-0.018368825,-0.021154672,-0.010974992,-0.009838151,-0.012100834,-0.016222006,-0.015683312,-0.016202003,-0.013110353,-0.017083602,-0.012803871,-0.01515081,-0.010707753,-0.011540611,-0.011741275,-0.0045560766,-0.01211114,-0.010427924,-0.014476739,-0.013228008,-0.009243625,-0.016089635,-0.015303557,-0.014026098,-0.010487592,-0.012913812,-0.010899347,-0.013000618,-0.010654563,-0.018668486,-0.0133301765,-0.015669763,-0.014553839,-0.01206658,-0.012025625,-0.01859606,-0.014113354,-0.016443674,-0.020655252,-0.01779459,-0.022118822,-0.020075405,-0.024862844,-0.018418837,-0.026767548,-0.023379037,-0.02154139,-0.022805085,-0.025003806,-0.025735192,-0.022760099,-0.027369149,-0.02691809,-0.029111437,-0.02995764
7,0.00578501,0.03889051,0.005373649,0.009856066,0.0040368196,0.0019667405,0.0048944713,-0.0064325295,-0.0011373203,-0.0041671908,-0.010978419,0.00069924165,0.009727087,3.564474e-05,0.0040780352,0.00196611,0.0068037664,0.0009237053,0.0071815522,-0.0065412526,-0.008904119,-0.009730854,-0.007619389,0.0035007778,0.0032383385,-0.0065756333,-0.012565499,-0.010156777,-0.0020547793,-0.0034616468,-0.002136016,0.002073769,-0.007866403,-0.0031999315,-0.005996817,-0.0030382888,-0.008192558,-0.016742172,-0.015426549,-0.01443197,-0.004707153,-0.007853208,-0.017925257,-0.016434105,-0.01248562,-0.014287499,-0.019819219,-0.016047627,-0.021308782,-0.021307882,-0.014340171,-0.009301044,-0.01470018,-0.012329431,-0.006513822,-0.02121558,-0.006687568,-0.015438609,-0.012433228,-0.011955277,-0.015939727,-0.018794548,-0.014284831,-0.017402932,-0.01830787,-0.008094514,-0.0033522788,-0.011149915,-0.014092315,-0.015448859,-0.021502784,-0.009412708,-0.015248375,-0.01040644,-0.011279911,-0.0040835757,-0.009096676,-0.015302164,-0.0039162226,-0.0121714845,-0.017038206,-0.012291971,-0.0138420565,-0.004631236,-0.009314248,-0.01335584,-0.012461266,-0.0019431135,-0.015245726,-0.014249908,-0.012584381,-0.010067235,-0.020088585,-0.008359392,-0.01228892,-0.014751149,-0.011976739,-0.014733251,-0.016587142,-0.0133313965,-0.017233158,-0.024959456,-0.016013594,-0.015654083,-0.020751255,-0.022608832,-0.016197128,-0.02543029,-0.020751465,-0.015552958,-0.01945491,-0.023180101,-0.017656557,-0.023006435,-0.026256349,-0.031012082,-0.02546336,-0.026034193
8,0.008497571,0.039170682,0.0047944984,0.008241846,0.0050651515,0.0018213501,0.004122186,-0.0064091515,0.00012277812,-0.005568641,-0.012216543,0.0029560425,0.012692224,0.0007890414,0.006331758,0.0023121694,0.009229559,0.0020484705,0.009764799,-0.008637711,-0.010207746,-0.010073155,-0.008993478,0.0047839913,0.0042966483,-0.007162899,-0.014679441,-0.011886712,-0.0019720122,-0.004030755,-0.001569327,0.0038842368,-0.008513772,-0.0031526913,-0.0052287476,-0.0012099869,-0.007230769,-0.01816688,-0.016165536,-0.015047073,-0.001978167,-0.005234613,-0.018207114,-0.01681753,-0.012959259,-0.014813416,-0.021107122,-0.016950846,-0.022317104,-0.021438865,-0.0134247765,-0.0065061804,-0.013253847,-0.011257252,-0.003619936,-0.022205101,-0.00414186,-0.016201826,-0.011983211,-0.009451114,-0.015297744,-0.019045625,-0.014620015,-0.017043658,-0.017263144,-0.0069225105,-0.00082719163,-0.010786232,-0.013297943,-0.015380839,-0.023583915,-0.0079748435,-0.014603406,-0.009474036,-0.00982259,-0.0015057498,-0.0081870295,-0.016673004,-0.0035849349,-0.01220073,-0.019572552,-0.01150265,-0.014083479,-0.0028260099,-0.006744951,-0.0126218675,-0.011849694,0.0013999582,-0.016158089,-0.015501384,-0.012405671,-0.009785309,-0.020690292,-0.0064410977,-0.011000801,-0.0148062855,-0.011895057,-0.015704269,-0.015845392,-0.012983661,-0.017466595,-0.026616344,-0.015281967,-0.013174042,-0.021001277,-0.021793883,-0.015270755,-0.024977982,-0.019751992,-0.013187101,-0.018148355,-0.022433525,-0.014519208,-0.023029257,-0.025789613,-0.032553952,-0.02405505,-0.024536783
9,-0.017924918,0.037909452,0.009475557,0.02293135,-0.0062734066,0.0037208092,0.011758767,-0.0071220794,-0.0124025205,0.0086286515,-0.00031950045,-0.019262943,-0.014558709,-0.0055909865,-0.015076499,-0.0005240822,-0.015014089,-0.009942073,-0.013953687,0.011386645,0.0012721838,-0.008419039,0.0043695904,-0.0070295343,-0.004918588,-0.0016340609,0.0051160064,0.004700112,-0.0027662765,0.0016970816,-0.007188808,-0.013028613,-0.0031750926,-0.0024504382,-0.012445332,-0.017946286,-0.017358813,-0.0054453425,-0.009522697,-0.009322299,-0.027957564,-0.0308234,-0.016871622,-0.013849847,-0.007581931,-0.009527829,-0.008359649,-0.007462087,-0.014094329,-0.021821732,-0.022443075,-0.033033125,-0.027495325,-0.021042824,-0.030400075,-0.0132315345,-0.02777113,-0.0074510034,-0.015604282,-0.033888463,-0.021960383,-0.01683081,-0.010163922,-0.020789318,-0.028698543,-0.0168293,-0.024586366,-0.014296135,-0.021566622,-0.016692813,-0.004359465,-0.021554977,-0.022290563,-0.018528264,-0.024686147,-0.025758456,-0.017638119,-0.0034058904,-0.004847751,-0.012085207,0.0052779783,-0.020196851,-0.011909536,-0.019653913,-0.03267456,-0.02011872,-0.017626928,-0.029580392,-0.0074464763,-0.002352886,-0.013707405,-0.011037839,-0.016253715,-0.024638545,-0.023841115,-0.013604087,-0.011646818,-0.0045426246,-0.02362174,-0.015204722,-0.013535611,-0.010572592,-0.021091457,-0.037370495,-0.018451247,-0.030991176,-0.022621779,-0.03073986,-0.029539485,-0.034521982,-0.030358229,-0.028646236,-0.044254597,-0.021197824,-0.029442636,-0.016775804,-0.037496846,-0.039190374
10,0.0046013976,0.03877737,0.0056207427,0.0105528105,0.0035770442,0.002032733,0.005233255,-0.006445982,-0.001690381,-0.0035501986,-0.01043747,-0.0002886569,0.0084439125,-0.00028811127,0.0030974487,0.0018179703,0.005740569,0.0004251469,0.006061542,-0.005628698,-0.008343934,-0.009594823,-0.0070201596,0.0029441332,0.002782586,-0.006320414,-0.011647502,-0.009401657,-0.0020897822,-0.003210416,-0.0023831644,0.0012882496,-0.007589628,-0.0032115113,-0.006330662,-0.003829753,-0.008618271,-0.01612828,-0.015108829,-0.014163787,-0.005894446,-0.008997157,-0.017812625,-0.016271846,-0.012273384,-0.014056189,-0.019256085,-0.01564643,-0.020880159,-0.021262694,-0.014742533,-0.010517859,-0.015333716,-0.0127949845,-0.0077676233,-0.020787094,-0.007792099,-0.015095919,-0.012622531,-0.013049692,-0.016222082,-0.018687114,-0.014128734,-0.017561933,-0.018772323,-0.008594733,-0.0044491272,-0.011309158,-0.014443429,-0.015482031,-0.020601956,-0.010037592,-0.015540585,-0.0108109005,-0.011921624,-0.0052036764,-0.00949934,-0.014704045,-0.004045739,-0.012159754,-0.015930772,-0.01264592,-0.013737498,-0.005413534,-0.010441736,-0.013678849,-0.012726257,-0.003392747,-0.014850823,-0.013697475,-0.012659075,-0.010180949,-0.019835435,-0.009196365,-0.012853112,-0.014723958,-0.012003884,-0.014297325,-0.016916778,-0.01347506,-0.017119009,-0.02423649,-0.016325342,-0.016737793,-0.020640034,-0.022973448,-0.016588697,-0.02563887,-0.02119017,-0.016575076,-0.02002214,-0.023497965,-0.019020673,-0.022983646,-0.026453147,-0.030333467,-0.026077468,-0.026690293
11,-0.01270875,0.037865695,0.008748456,0.020219896,-0.0038180007,0.0032393425,0.010246262,-0.006888855,-0.009904886,0.0057525346,-0.0026070895,-0.014856903,-0.0094958795,-0.004539462,-0.010969698,-7.743493e-05,-0.010119303,-0.007391548,-0.0095892,0.0075141853,-0.0007693041,-0.00845774,0.0017311461,-0.0048507024,-0.0033284316,-0.0026870903,0.0013751034,0.001509605,-0.0025937886,0.00055900076,-0.0060467897,-0.009833966,-0.004031783,-0.0027920376,-0.011079267,-0.014862755,-0.01522946,-0.007735581,-0.01074473,-0.010372475,-0.022953037,-0.025768278,-0.016881436,-0.014288408,-0.008785145,-0.010587641,-0.010917943,-0.009425875,-0.015422702,-0.021444011,-0.020682756,-0.027960926,-0.024677396,-0.019273866,-0.02539293,-0.014854267,-0.023355324,-0.009414838,-0.015002487,-0.029076977,-0.020558741,-0.01723357,-0.011240578,-0.020015545,-0.02620382,-0.015142505,-0.02006758,-0.0136255585,-0.019850248,-0.01629618,-0.007956283,-0.018959519,-0.020527437,-0.016707199,-0.021646008,-0.021150079,-0.015687453,-0.005999483,-0.0049413787,-0.012071608,0.00034753047,-0.018336017,-0.012296843,-0.016471894,-0.027388131,-0.01857797,-0.016511377,-0.023791283,-0.009169332,-0.0051348554,-0.013529889,-0.011087887,-0.016853929,-0.021192621,-0.021255264,-0.013991725,-0.011871444,-0.0070578707,-0.022018768,-0.014985258,-0.014607798,-0.013712178,-0.020217918,-0.032606166,-0.018954549,-0.028945558,-0.021466378,-0.029378667,-0.02763613,-0.030658197,-0.02805717,-0.02760803,-0.038552355,-0.02183076,-0.02887816,-0.020024145,-0.034920417,-0.03632215
12,0.006760814,0.038988028,0.0051672994,0.009278125,0.004410834,0.0019135213,0.0046159616,-0.006422959,-0.0006828207,-0.004673369,-0.011424136,0.0015122909,0.010789937,0.00030492188,0.0048878086,0.0020896054,0.007678139,0.0013311738,0.008108336,-0.00729467,-0.009369943,-0.009849115,-0.00811358,0.003961248,0.0036168988,-0.006786524,-0.013324437,-0.010779249,-0.0020254664,-0.0036674864,-0.0019322492,0.0027234554,-0.008097268,-0.003186234,-0.0057209674,-0.0023828044,-0.007844361,-0.017251922,-0.015690649,-0.014653208,-0.0037266507,-0.0069106836,-0.018022908,-0.016570223,-0.012658035,-0.014477388,-0.02028292,-0.016375171,-0.021667408,-0.021350667,-0.014009741,-0.008296546,-0.014178957,-0.011944513,-0.0054759895,-0.021570371,-0.0057739876,-0.015716664,-0.012273947,-0.011053765,-0.015707988,-0.018884074,-0.01440902,-0.017272865,-0.017928941,-0.007676935,-0.0024456875,-0.011018867,-0.013804892,-0.01542316,-0.022248838,-0.008896353,-0.015012439,-0.010071932,-0.010753476,-0.0031578871,-0.008767321,-0.015795281,-0.0038025065,-0.012181615,-0.017950503,-0.012004501,-0.013928612,-0.0039837966,-0.00838764,-0.013090778,-0.01224196,-0.000743706,-0.015572747,-0.014702424,-0.012521295,-0.009969151,-0.020301634,-0.0076692374,-0.011824746,-0.014772073,-0.011950469,-0.015086994,-0.016318098,-0.013209226,-0.017321587,-0.025555514,-0.015753068,-0.0147613175,-0.02084202,-0.022312395,-0.015868474,-0.025263457,-0.02039091,-0.014705505,-0.01898592,-0.022914402,-0.016529664,-0.023019318,-0.026090967,-0.031568877,-0.024956806,-0.025494445
13,-0.008680485,0.037941024,0.008112373,0.018059146,-0.0019922554,0.0029104229,0.0090760775,-0.00674224,-0.007980496,0.0035504298,-0.004403006,-0.011455534,-0.0054698354,-0.0036457486,-0.0077507584,0.0003110075,-0.0063771447,-0.0054848874,-0.006093297,0.00449396,-0.002425557,-0.0085844835,-0.00030478556,-0.0031071317,-0.0020129934,-0.0035139406,-0.0015779287,-0.0009925729,-0.002470954,-0.00032404298,-0.005180213,-0.007313053,-0.0047677313,-0.00298626,-0.010001112,-0.0123975305,-0.013628878,-0.009584785,-0.011716808,-0.011220302,-0.019041115,-0.021863136,-0.016977213,-0.014680468,-0.009663028,-0.011404445,-0.012877541,-0.010919611,-0.016553061,-0.021258142,-0.01930609,-0.023977002,-0.022498265,-0.017839367,-0.021421509,-0.016167149,-0.019848801,-0.010849654,-0.014504652,-0.025352228,-0.01950946,-0.017554639,-0.012007803,-0.019426424,-0.024362236,-0.0137474155,-0.016512739,-0.01309485,-0.01855045,-0.016042756,-0.010806214,-0.016923564,-0.019249493,-0.015323121,-0.019331455,-0.017522693,-0.014205764,-0.008013773,-0.0048973598,-0.012075901,-0.0034523215,-0.01693964,-0.012613297,-0.013964644,-0.023365501,-0.017409109,-0.015642608,-0.019196495,-0.010489107,-0.0072142556,-0.013364624,-0.011015787,-0.01741854,-0.018465634,-0.019274887,-0.014230695,-0.011986682,-0.008890396,-0.02079668,-0.014737174,-0.015333387,-0.016148638,-0.01943912,-0.028918121,-0.019348385,-0.0274464,-0.020472433,-0.028400186,-0.026146121,-0.027542789,-0.026237868,-0.026741622,-0.03408555,-0.022230271,-0.028388588,-0.022486692,-0.032896783,-0.034089208
14,-0.032205164,0.03894754,0.010848188,0.0299163,-0.013453453,0.005486171,0.015835302,-0.007966837,-0.019130502,0.016474169,0.0056105386,-0.03125661,-0.027550902,-0.0077505484,-0.025916478,-0.0014177838,-0.028668072,-0.017395299,-0.024767924,0.021851797,0.0062968144,-0.0089061465,0.011661714,-0.012393807,-0.008472364,0.0011300235,0.014925497,0.012952892,-0.0033064415,0.004695441,-0.010421262,-0.021339778,-0.0014068536,-0.0010836145,-0.01597888,-0.025750998,-0.023427656,0.00031816587,-0.006324226,-0.006901351,-0.041344352,-0.044642426,-0.017377224,-0.01303532,-0.003873501,-0.006652821,-0.0013006125,-0.002140876,-0.011154581,-0.023564693,-0.026927136,-0.04628381,-0.035098955,-0.025104241,-0.043271206,-0.009446418,-0.039028995,-0.0015847273,-0.017152885,-0.04691926,-0.02610502,-0.015809255,-0.0068694926,-0.022902012,-0.03615236,-0.020954879,-0.036371395,-0.01591351,-0.02640063,-0.018237835,0.005005477,-0.02842456,-0.027592707,-0.023934137,-0.033299286,-0.037870966,-0.023015704,0.0034741377,-0.0039418344,-0.012339322,0.018847141,-0.0253524,-0.011098247,-0.027964098,-0.047640312,-0.024557654,-0.020651879,-0.044437375,-0.00237317,0.005878536,-0.013979217,-0.010004384,-0.015456262,-0.03331846,-0.031069309,-0.011959403,-0.010673211,0.0030842405,-0.027896438,-0.015207599,-0.009994786,-0.0021198262,-0.02258612,-0.05027922,-0.017173821,-0.037136562,-0.025163604,-0.03487338,-0.034415558,-0.044056095,-0.036241844,-0.031081313,-0.059373442,-0.019042036,-0.030598529,-0.0075948127,-0.04427614,-0.04681321
15,-0.0041446965,0.038130946,0.0073247417,0.015559625,-1.10073015e-05,0.0025783083,0.0077589075,-0.0066102026,-0.005820713,0.0010950221,-0.0064491685,-0.007630715,-0.0008229846,-0.0025636323,-0.00408244,0.0007898152,-0.0022011679,-0.0034021717,-0.0020406265,0.0010633143,-0.004369946,-0.008827273,-0.0025972389,-0.001087689,-0.00044875348,-0.004459044,-0.0049641207,-0.0038422607,-0.0023396087,-0.0013176864,-0.00421716,-0.004422824,-0.0056678294,-0.0031342169,-0.008765736,-0.009541819,-0.011871635,-0.01174618,-0.012842128,-0.0122049395,-0.014591002,-0.01746603,-0.017174818,-0.015174595,-0.010601861,-0.012319248,-0.015068946,-0.012572014,-0.017930275,-0.021155726,-0.01774628,-0.019430138,-0.020045243,-0.016164025,-0.016849572,-0.01769945,-0.015809631,-0.012381868,-0.013905916,-0.021151831,-0.018359233,-0.017927863,-0.012803755,-0.018774962,-0.022373065,-0.012081432,-0.012448007,-0.012488545,-0.017115813,-0.015807608,-0.014085837,-0.014600199,-0.017896634,-0.013778739,-0.016760942,-0.013372862,-0.012565484,-0.010291379,-0.0047273496,-0.012093476,-0.0077230446,-0.015415678,-0.012984718,-0.011091877,-0.018894894,-0.016113855,-0.014656393,-0.013904234,-0.0119723175,-0.009489733,-0.013150807,-0.010827857,-0.01815238,-0.015339157,-0.017062865,-0.014444694,-0.0120555125,-0.010843728,-0.019442348,-0.014380088,-0.016046088,-0.01890279,-0.018463297,-0.024759337,-0.019793656,-0.025839694,-0.019249344,-0.027375536,-0.024455473,-0.023909386,-0.024149654,-0.025699759,-0.028995242,-0.022585418,-0.027782803,-0.02521301,-0.030588603,-0.03156319
16,0.0017128512,0.038525756,0.0062083057,0.012234166,0.002428363,0.002201036,0.0060636853,-0.006487285,-0.003046783,-0.0020319805,-0.009117269,-0.0027061924,0.005340396,-0.0010638234,0.0007124385,0.0014646521,0.0031342236,-0.0008110441,0.0033494278,-0.0034079459,-0.006998909,-0.009295469,-0.005558496,0.0015955443,0.0016874978,-0.005700646,-0.009419555,-0.007560219,-0.002173251,-0.002591386,-0.0029867247,-0.0006167209,-0.0069298265,-0.0032175407,-0.007141524,-0.0057440377,-0.009671977,-0.014650244,-0.014344771,-0.013511319,-0.008782369,-0.011791576,-0.017563835,-0.01588916,-0.011741516,-0.013487501,-0.01787857,-0.0146513125,-0.019863078,-0.021182783,-0.015729968,-0.013478316,-0.016884726,-0.013923073,-0.010803768,-0.019751078,-0.010469753,-0.014235198,-0.013068066,-0.015723504,-0.016917523,-0.018429901,-0.013724,-0.017955352,-0.019928087,-0.009787377,-0.007112383,-0.011698614,-0.015311196,-0.015572992,-0.018422056,-0.011555607,-0.016280424,-0.011793875,-0.013501579,-0.007923844,-0.010495101,-0.013245047,-0.0043244697,-0.012133837,-0.013224523,-0.013531818,-0.01348477,-0.0073089944,-0.013209659,-0.01447385,-0.013368826,-0.0069052307,-0.013893477,-0.0123326965,-0.012833189,-0.010433489,-0.019242292,-0.011235535,-0.014235543,-0.014648154,-0.0120495455,-0.013202384,-0.017734459,-0.013804892,-0.01680956,-0.022472834,-0.017065212,-0.019385196,-0.020364437,-0.023886265,-0.017512798,-0.02617503,-0.022265395,-0.019041646,-0.021398384,-0.024253855,-0.022336349,-0.022896554,-0.026916398,-0.028662907,-0.027573744,-0.028296323
17,0.0057764435,0.038889673,0.005375448,0.009861119,0.0040335106,0.0019672085,0.004896921,-0.006432622,-0.0011413218,-0.004162731,-0.010974503,0.0006920956,0.009717782,3.328966e-05,0.004070934,0.0019650327,0.0067960816,0.0009201132,0.007173428,-0.006534648,-0.008900048,-0.009729848,-0.007615054,0.0034967395,0.003235024,-0.0065737832,-0.0125588495,-0.010151307,-0.0020550354,-0.0034598312,-0.0021378058,0.0020680735,-0.00786439,-0.00320003,-0.0059992364,-0.0030440276,-0.008195629,-0.016737718,-0.015424243,-0.014430024,-0.00471575,-0.007861485,-0.017924426,-0.01643292,-0.012484094,-0.014285829,-0.019815145,-0.01604473,-0.021305662,-0.021307535,-0.014343082,-0.00930986,-0.014704764,-0.012332812,-0.0065229135,-0.021212468,-0.006695575,-0.015436145,-0.012434606,-0.011963198,-0.015941765,-0.018793765,-0.014283716,-0.01740408,-0.018311216,-0.00809815,-0.003360228,-0.011151068,-0.014094849,-0.015449091,-0.021496253,-0.009417236,-0.015250474,-0.0104093645,-0.011284542,-0.004091691,-0.009099583,-0.015297831,-0.003917182,-0.012171395,-0.017030194,-0.012294521,-0.013841295,-0.0046369075,-0.009322393,-0.013358171,-0.012463187,-0.0019536235,-0.015242871,-0.0142459255,-0.0125849275,-0.010068078,-0.020086732,-0.008365457,-0.012292997,-0.014750961,-0.011976948,-0.014730117,-0.016589522,-0.013332451,-0.017232351,-0.024954224,-0.016015869,-0.015661927,-0.020750452,-0.022611454,-0.01619998,-0.025431782,-0.020754639,-0.015560377,-0.01945902,-0.023182414,-0.01766644,-0.023006288,-0.026257787,-0.031007182,-0.025467804,-0.02603894
18,-0.018673172,0.037925683,0.009573486,0.023328813,-0.006619529,0.0037969127,0.011971241,-0.007151245,-0.012743075,0.009027012,-1.1930242e-06,-0.019887581,-0.015284893,-0.0057335454,-0.015663251,-0.00058692344,-0.015710756,-0.010309424,-0.014562097,0.011946606,0.0015677717,-0.008400527,0.004751009,-0.007328548,-0.005130369,-0.0014886418,0.0056573004,0.00513885,-0.0027871053,0.0018539787,-0.007349711,-0.0134840375,-0.0030548659,-0.0024119115,-0.012638598,-0.01838944,-0.017654471,-0.0051064016,-0.009342336,-0.009183265,-0.028678982,-0.031546127,-0.016859671,-0.013787013,-0.0074110283,-0.009374872,-0.008000374,-0.007199848,-0.013895957,-0.021870188,-0.022679964,-0.03374674,-0.027891088,-0.021274006,-0.031116478,-0.013015808,-0.02839374,-0.0071787657,-0.015702795,-0.034568477,-0.022167584,-0.016775222,-0.010021564,-0.02089956,-0.029057086,-0.017087046,-0.025225554,-0.014385707,-0.021811515,-0.016757106,-0.003834447,-0.021925297,-0.022529922,-0.018808642,-0.02512728,-0.026419125,-0.017901443,-0.003047336,-0.0048521734,-0.012094181,0.005984444,-0.020444084,-0.011863947,-0.020107852,-0.033436142,-0.02034479,-0.017791487,-0.030403636,-0.0071785487,-0.0019477326,-0.0137344375,-0.011024393,-0.01617515,-0.025109172,-0.024218634,-0.013538018,-0.011621839,-0.004189253,-0.023829669,-0.015235031,-0.013395751,-0.010129409,-0.021205146,-0.03804531,-0.01838491,-0.031281177,-0.022799939,-0.030923445,-0.02979821,-0.03507224,-0.030679148,-0.02880028,-0.04506975,-0.021126183,-0.02952482,-0.016316699,-0.03786609,-0.039594218
19,0.0072029755,0.039033435,0.005073051,0.009015239,0.0045788186,0.001889755,0.0044900067,-0.006419052,-0.0004772977,-0.004902,-0.011626003,0.0018802779,0.011272956,0.00042760116,0.0052551012,0.0021459407,0.008073703,0.001514758,0.008529239,-0.007636344,-0.009582179,-0.009904485,-0.00833755,0.0041703386,0.0037892498,-0.0068822266,-0.0136689,-0.011061275,-0.0020120218,-0.0037603646,-0.0018398906,0.003018444,-0.008202634,-0.003178821,-0.0055957995,-0.002084959,-0.0076873912,-0.017483922,-0.015810952,-0.014753487,-0.0032819093,-0.0064837886,-0.01806853,-0.016632576,-0.012735415,-0.014563177,-0.020492885,-0.016522646,-0.021831423,-0.021371651,-0.01386041,-0.00784102,-0.013943104,-0.01176978,-0.0050045317,-0.021731585,-0.0053591905,-0.01584137,-0.0122008305,-0.010645499,-0.015603285,-0.01892493,-0.014463975,-0.01721423,-0.01775839,-0.0074862395,-0.002034226,-0.01095956,-0.013675261,-0.015411981,-0.022587849,-0.008662041,-0.014906966,-0.009920048,-0.010515735,-0.0027378132,-0.008618846,-0.01601874,-0.003748979,-0.012186351,-0.018363668,-0.011875516,-0.013967947,-0.0036897035,-0.007968639,-0.012971048,-0.012142336,-0.00019901735,-0.015721343,-0.014906609,-0.012492267,-0.009923461,-0.020399438,-0.0073565017,-0.011614714,-0.014781136,-0.011937431,-0.015245648,-0.016196977,-0.013152787,-0.017360019,-0.025825605,-0.015634011,-0.014356992,-0.020882856,-0.02217928,-0.015717868,-0.025189364,-0.020227881,-0.014320144,-0.018773025,-0.022792952,-0.016018394,-0.023023445,-0.026015101,-0.031820394,-0.024727236,-0.025250247
20,-0.011068935,0.037884336,0.008497873,0.019351082,-0.003063933,0.003101533,0.009769077,-0.006823873,-0.009116856,0.004850301,-0.0033366783,-0.0134702865,-0.00787221,-0.0041843588,-0.009665046,7.534493e-05,-0.008589857,-0.006607404,-0.008178376,0.0062896153,-0.0014324915,-0.008493576,0.0009029107,-0.004145847,-0.0028006404,-0.0030231823,0.00018234923,0.0004916573,-0.0025417088,0.00019844482,-0.0056914818,-0.008814075,-0.004322291,-0.0028826108,-0.010642732,-0.013870337,-0.014570003,-0.008475465,-0.01113545,-0.010715542,-0.021367526,-0.024178168,-0.01690641,-0.014441072,-0.009149654,-0.010920186,-0.0117193125,-0.010041466,-0.015867412,-0.02135312,-0.020120963,-0.026344584,-0.02378865,-0.018693648,-0.023789473,-0.015384754,-0.021938073,-0.010011747,-0.014807118,-0.027559455,-0.020128708,-0.017363273,-0.011564136,-0.019774338,-0.025443159,-0.0145903025,-0.01862706,-0.013409748,-0.019317362,-0.016187778,-0.009104876,-0.01813434,-0.019993136,-0.016145363,-0.020700444,-0.019682184,-0.015077243,-0.006820952,-0.0049428577,-0.01207296,-0.0012004972,-0.017757636,-0.012425626,-0.015457392,-0.02574356,-0.018100452,-0.016159743,-0.021935366,-0.009703139,-0.005988933,-0.01346666,-0.011071559,-0.01707224,-0.020085568,-0.020448403,-0.014094498,-0.011927836,-0.007819875,-0.021514088,-0.014894353,-0.014919708,-0.014704072,-0.019911787,-0.031103946,-0.019115616,-0.028323937,-0.021077989,-0.028968066,-0.027028866,-0.029406115,-0.02732012,-0.02726502,-0.03674156,-0.022009509,-0.028686196,-0.02103412,-0.034100898,-0.035413638
21,0.004394926,0.038758215,0.0056634857,0.0106739,0.0034961896,0.0020444177,0.0052924473,-0.0064485287,-0.0017870229,-0.0034422628,-0.010343092,-0.00046115555,0.008220732,-0.0003442549,0.0029265755,0.001792317,0.0055548185,0.00033770502,0.0058666533,-0.0054696505,-0.008246744,-0.009571882,-0.006915644,0.0028472592,0.0027034874,-0.0062759668,-0.011487646,-0.009269956,-0.0020958306,-0.0031664395,-0.0024262788,0.0011515077,-0.0075417114,-0.0032129951,-0.006388809,-0.0039674183,-0.008692891,-0.016021661,-0.01505368,-0.014117045,-0.006101341,-0.009196782,-0.0177936,-0.016243856,-0.012236027,-0.014015731,-0.019157777,-0.015576051,-0.02080608,-0.021255536,-0.014812866,-0.010729916,-0.015444355,-0.012876011,-0.00798578,-0.020712575,-0.007984363,-0.015035556,-0.012655151,-0.013240682,-0.016271487,-0.018668497,-0.014100927,-0.0175898,-0.018853873,-0.008681323,-0.0046401457,-0.011336962,-0.014504945,-0.015488049,-0.02044525,-0.0101464335,-0.015592199,-0.01088135,-0.012033912,-0.0053987596,-0.009569903,-0.014599726,-0.0040674373,-0.0121577745,-0.015737496,-0.012708205,-0.013719318,-0.0055496725,-0.010638814,-0.013735361,-0.012772379,-0.0036450347,-0.014782093,-0.013600709,-0.0126719065,-0.010200195,-0.019791864,-0.009342304,-0.012951668,-0.014718998,-0.012008121,-0.014220536,-0.016974604,-0.013499626,-0.017098358,-0.024110386,-0.016379232,-0.016926907,-0.020620525,-0.023037603,-0.016656248,-0.025675915,-0.021266824,-0.016752724,-0.020120902,-0.023552937,-0.019258318,-0.022978913,-0.026487064,-0.030214738,-0.026184551,-0.02680488
22,0.0076277675,0.039077766,0.0049820747,0.008762072,0.0047393087,0.0018671178,0.0043691536,-0.0064155534,-0.0002801218,-0.0051212003,-0.011819863,0.002233543,0.011737832,0.00054583605,0.005608179,0.002200278,0.00845335,0.0016905111,0.008934143,-0.007964762,-0.0097867595,-0.0099587515,-0.00855275,0.0043714577,0.003955287,-0.006974245,-0.014000168,-0.011332177,-0.001999007,-0.0038493467,-0.0017511415,0.0033021914,-0.008304298,-0.0031709736,-0.005475452,-0.0017983282,-0.0075370744,-0.01770742,-0.01592691,-0.014849829,-0.0028543717,-0.0060737785,-0.018113183,-0.016692873,-0.01280931,-0.014645446,-0.020694513,-0.016663743,-0.021989893,-0.021392757,-0.013717201,-0.0074031996,-0.013716724,-0.011601755,-0.0045508966,-0.021886714,-0.004960214,-0.015960412,-0.01213001,-0.010253428,-0.015502862,-0.018964352,-0.014515977,-0.017158074,-0.017595213,-0.007302147,-0.0016385454,-0.010902633,-0.013551082,-0.015401505,-0.022914119,-0.008436743,-0.014806498,-0.009773919,-0.0102878045,-0.0023338841,-0.008476678,-0.01623342,-0.003696353,-0.012190984,-0.01876047,-0.011752377,-0.014005795,-0.0034067342,-0.007566603,-0.012856243,-0.01204647,0.00032496965,-0.015864376,-0.015102273,-0.012464117,-0.009878846,-0.020494137,-0.0070560835,-0.011413097,-0.014789611,-0.011924219,-0.015397102,-0.016081112,-0.013097929,-0.017395964,-0.026085077,-0.01551906,-0.013968689,-0.020921906,-0.022052106,-0.015572168,-0.025119089,-0.020071488,-0.013949133,-0.018568274,-0.022675645,-0.015526835,-0.023026384,-0.025941668,-0.032061562,-0.024506671,-0.025015881
23,0.005443069,0.03885725,0.0054453854,0.010057789,0.0039046323,0.00198563,0.0049922513,-0.006436224,-0.001296943,-0.003989239,-0.010822155,0.0004140064,0.00935574,-5.8213947e-05,0.0037945732,0.0019231314,0.006496893,0.0007801419,0.006857504,-0.006277492,-0.008741765,-0.009690786,-0.007446264,0.0033397381,0.0031062705,-0.006501827,-0.012300028,-0.009938597,-0.0020649545,-0.0033892165,-0.0022074205,0.0018465533,-0.007786089,-0.0032037995,-0.006093352,-0.003267325,-0.008315196,-0.01656437,-0.0153344935,-0.014354448,-0.005050365,-0.008183618,-0.017892117,-0.01638692,-0.012424635,-0.0142207835,-0.019656599,-0.015932102,-0.021184282,-0.02129412,-0.014456274,-0.009652782,-0.014883086,-0.012464119,-0.006876588,-0.021091558,-0.007007066,-0.015340175,-0.012488306,-0.012271374,-0.016021147,-0.01876339,-0.014240298,-0.017448738,-0.018441528,-0.008239669,-0.0036694675,-0.011195896,-0.014193488,-0.015458214,-0.02124212,-0.0095933955,-0.015332172,-0.010523382,-0.011464949,-0.0044074664,-0.009212695,-0.015129345,-0.0039545055,-0.012168023,-0.016718365,-0.0123937,-0.013811784,-0.00485756,-0.009639579,-0.013448987,-0.012537921,-0.0023624806,-0.015131498,-0.014090711,-0.012606154,-0.010100666,-0.020014867,-0.0086012585,-0.012451772,-0.014743509,-0.011985066,-0.014608041,-0.016682064,-0.013373387,-0.017200898,-0.02475058,-0.016104143,-0.015967093,-0.020719232,-0.02271363,-0.016310984,-0.025489902,-0.020878086,-0.015848884,-0.019618968,-0.023272395,-0.018050952,-0.023000583,-0.026313612,-0.030816374,-0.025640806,-0.026223602
24,-0.010105079,0.037903138,0.0083453795,0.018833006,-0.0026280573,0.0030235553,0.00948925,-0.006789451,-0.008657498,0.004324153,-0.0037662918,-0.0126567,-0.0069077844,-0.00396982,-0.008894578,0.00016866496,-0.0076956963,-0.0061518475,-0.007341278,0.0055668885,-0.0018299576,-0.008525635,0.00041607488,-0.0037287057,-0.0024857204,-0.0032207235,-0.0005250294,-0.000106580555,-0.002512858,-1.2845732e-05,-0.0054846136,-0.008210215,-0.004499014,-0.0029275704,-0.010384493,-0.01327952,-0.014188345,-0.008919242,-0.011368372,-0.010918736,-0.020431008,-0.023244072,-0.016930562,-0.014535477,-0.009358744,-0.011115786,-0.012187254,-0.010397825,-0.016139511,-0.021309923,-0.019791951,-0.025391174,-0.023267483,-0.018350372,-0.022837877,-0.015698964,-0.021098774,-0.010353687,-0.014687358,-0.026668662,-0.019877836,-0.01743974,-0.011746362,-0.019632991,-0.025003353,-0.014254996,-0.017776411,-0.01328284,-0.019006427,-0.016127223,-0.009788033,-0.017646922,-0.019688886,-0.015814062,-0.02014684,-0.01881348,-0.014723938,-0.0073023,-0.004930499,-0.012074013,-0.0021093003,-0.017424712,-0.012501186,-0.014857346,-0.02478199,-0.017820824,-0.015951447,-0.020835008,-0.010019227,-0.0064854827,-0.0134265255,-0.011053246,-0.017208323,-0.019433273,-0.019974325,-0.014151422,-0.011954686,-0.008256524,-0.021222753,-0.014834223,-0.015091426,-0.015286647,-0.019724684,-0.030221894,-0.019209586,-0.02796625,-0.020838557,-0.028735336,-0.026672693,-0.028659042,-0.02688497,-0.027056897,-0.035672132,-0.022103462,-0.028568206,-0.02162215,-0.033616386,-0.034879543
25,-0.00890564,0.037934735,0.008149253,0.018179908,-0.0020939466,0.0029277264,0.009141855,-0.0067504053,-0.008089503,0.003674429,-0.0043015303,-0.011646224,-0.0056961486,-0.0036972796,-0.007931313,0.00028871605,-0.0065862658,-0.005590544,-0.006291529,0.004662689,-0.0023322543,-0.008577324,-0.00019128993,-0.003206364,-0.002088903,-0.0034670548,-0.0014126077,-0.00085073337,-0.002478088,-0.0002741455,-0.0052287625,-0.007454834,-0.004725553,-0.0029753575,-0.010061869,-0.012536135,-0.013718596,-0.009481439,-0.011662569,-0.011171575,-0.019259945,-0.02208159,-0.01697174,-0.014657916,-0.009614387,-0.011358982,-0.012767578,-0.010834825,-0.01648931,-0.021267774,-0.019384434,-0.0242016,-0.022620793,-0.017922182,-0.021644805,-0.016091691,-0.02004671,-0.010769656,-0.014531865,-0.025561389,-0.019567193,-0.017536411,-0.011964714,-0.019459287,-0.02446412,-0.013825145,-0.016712867,-0.013125114,-0.018622857,-0.016055724,-0.01064693,-0.017037923,-0.019321071,-0.01539867,-0.019459926,-0.017726246,-0.014289655,-0.007899933,-0.0048996904,-0.012074918,-0.0032399874,-0.017018773,-0.012594579,-0.014105515,-0.023589302,-0.017473761,-0.01569087,-0.019455288,-0.010417165,-0.0070993714,-0.013374064,-0.011021608,-0.017385166,-0.018620718,-0.019384757,-0.014218843,-0.01198029,-0.008788671,-0.020866629,-0.01475204,-0.015292896,-0.016011726,-0.019484818,-0.029125072,-0.019325875,-0.027529513,-0.020528134,-0.028454931,-0.026230726,-0.027718749,-0.026340751,-0.026790392,-0.034336187,-0.022207428,-0.02841653,-0.02234906,-0.033010207,-0.03421475
26,0.004405083,0.038759135,0.005661401,0.0106680365,0.0035002492,0.002043845,0.0052895127,-0.0064483616,-0.0017821708,-0.0034476542,-0.010347765,-0.0004526293,0.008231634,-0.0003415061,0.0029349576,0.0017935596,0.0055640084,0.0003420394,0.0058762473,-0.0054774387,-0.00825146,-0.0095728785,-0.0069207726,0.0028520508,0.0027074064,-0.006278178,-0.011495447,-0.009276506,-0.002095507,-0.0031686337,-0.0024241337,0.0011582151,-0.007544035,-0.003213023,-0.0063859494,-0.0039607068,-0.008689144,-0.016026802,-0.0150563475,-0.014119373,-0.006091211,-0.009186948,-0.017794425,-0.016245201,-0.012237914,-0.014017712,-0.019162659,-0.015579624,-0.020809617,-0.021255791,-0.014809344,-0.010719454,-0.01543887,-0.012871961,-0.007975111,-0.02071628,-0.007974915,-0.015038622,-0.012653631,-0.013231235,-0.016269067,-0.018669413,-0.014102398,-0.017588425,-0.01884981,-0.008677198,-0.0046307505,-0.011335578,-0.014501899,-0.0154877575,-0.02045286,-0.010141086,-0.015589537,-0.010877961,-0.012028389,-0.0053892005,-0.0095663285,-0.014604915,-0.0040665334,-0.012157891,-0.015747014,-0.012705018,-0.013720248,-0.0055430015,-0.010629096,-0.013732588,-0.012770142,-0.0036326658,-0.014785384,-0.013605487,-0.012671304,-0.01019929,-0.019793976,-0.009335048,-0.012946848,-0.014719233,-0.012007993,-0.01422442,-0.016971637,-0.013498465,-0.017099507,-0.024116619,-0.016376588,-0.016917562,-0.020621512,-0.023034379,-0.016653053,-0.025673985,-0.021262998,-0.016744047,-0.02011603,-0.023550298,-0.01924665,-0.022979295,-0.026485438,-0.030220643,-0.026179302,-0.026799215
27,0.00105327,0.038473394,0.006339198,0.012614198,0.0021608341,0.0022409896,0.0062539484,-0.0064984886,-0.0033577876,-0.0016828836,-0.008815984,-0.0032594241,0.004637558,-0.0012378419,0.000169612,0.0013857612,0.0025367462,-0.0010972135,0.0027347412,-0.0029022573,-0.006696281,-0.009233644,-0.0052248933,0.0012897389,0.0014410513,-0.005559764,-0.0089135375,-0.007140183,-0.002192067,-0.0024489919,-0.0031247507,-0.0010491991,-0.00678249,-0.0032144422,-0.007325839,-0.006177462,-0.009915548,-0.014316972,-0.014172544,-0.013362874,-0.009439716,-0.012430114,-0.017512362,-0.015804533,-0.0116172545,-0.013356888,-0.017563302,-0.014420986,-0.019636769,-0.02117073,-0.015956368,-0.014152264,-0.017239768,-0.0141788665,-0.011492113,-0.019516556,-0.011077327,-0.014033677,-0.013166583,-0.01633453,-0.017077662,-0.018372117,-0.013626853,-0.018046238,-0.020196576,-0.010053942,-0.007717681,-0.011787649,-0.01551148,-0.0155959055,-0.017928142,-0.011900766,-0.016454777,-0.012017647,-0.013864995,-0.00854208,-0.010725031,-0.012912026,-0.004380538,-0.0121284425,-0.012605895,-0.013738417,-0.013427553,-0.0077390294,-0.013844982,-0.014656678,-0.0135147665,-0.0077019036,-0.013676069,-0.012017686,-0.012871305,-0.01048595,-0.019111903,-0.011700183,-0.0145522915,-0.014628781,-0.01205587,-0.012946024,-0.017923737,-0.013875959,-0.016732607,-0.022070311,-0.017229738,-0.019990142,-0.020300798,-0.024099387,-0.017717421,-0.026302837,-0.022511646,-0.01959899,-0.021710945,-0.024422435,-0.023090634,-0.022870323,-0.027018785,-0.02827854,-0.027914705,-0.028663786
28,0.0041074064,0.038731787,0.0057228804,0.010842484,0.0033834428,0.002060824,0.005374875,-0.0064521017,-0.001921509,-0.0032919743,-0.010211724,-0.00070136227,0.007910113,-0.0004222812,0.002688659,0.0017566481,0.0052960683,0.00021576602,0.0055955267,-0.0052481345,-0.008111553,-0.009540075,-0.0067700497,0.0027125143,0.0025935941,-0.0062141432,-0.01126505,-0.009086706,-0.0021041958,-0.003105206,-0.0024862862,0.0009612129,-0.0074750995,-0.0032149702,-0.0064697256,-0.00415904,-0.008796863,-0.01587322,-0.014976912,-0.014052067,-0.0063894466,-0.009474789,-0.017767183,-0.016204977,-0.012183911,-0.01395933,-0.019020896,-0.015478072,-0.02070307,-0.021245733,-0.014910748,-0.011025043,-0.015598392,-0.012988603,-0.008289392,-0.020609012,-0.008251933,-0.014951389,-0.012700565,-0.013506582,-0.016340392,-0.018642602,-0.01406211,-0.017628623,-0.018967599,-0.00880185,-0.004906011,-0.011375657,-0.014590679,-0.015496543,-0.020227058,-0.010297927,-0.015664155,-0.010979591,-0.012190456,-0.005670335,-0.009668136,-0.014454566,-0.0040975465,-0.012155103,-0.015468309,-0.0127949575,-0.013694108,-0.005739165,-0.01091344,-0.013814155,-0.012836609,-0.003996148,-0.014686245,-0.013465752,-0.012689717,-0.010226769,-0.019731443,-0.009545334,-0.013089026,-0.014711959,-0.012013953,-0.014113419,-0.017055042,-0.013533682,-0.017069478,-0.023934832,-0.016454034,-0.017190218,-0.02059335,-0.023127083,-0.016750198,-0.025727628,-0.021373512,-0.016999869,-0.020258326,-0.023629392,-0.01958913,-0.022972252,-0.026534151,-0.030049326,-0.02633369,-0.026964458
29,0.0033794278,0.038666613,0.0058720442,0.01126733,0.0030955942,0.002102626,0.005583993,-0.006461993,-0.0022631607,-0.0029099723,-0.009878863,-0.0013103243,0.007126126,-0.00061885983,0.0020870524,0.0016670353,0.0046399618,-9.4467774e-05,0.004910357,-0.0046881237,-0.0077711325,-0.009462662,-0.0064017083,0.0023718146,0.0023162332,-0.0060576596,-0.010702806,-0.008622263,-0.0021253894,-0.002949466,-0.0026383908,0.0004802514,-0.00730774,-0.0032178287,-0.006674393,-0.004642606,-0.009061538,-0.015499544,-0.014783703,-0.013887313,-0.0071178405,-0.010178894,-0.017702922,-0.016107637,-0.012050764,-0.01381631,-0.018673893,-0.015228064,-0.020444918,-0.021223672,-0.015159451,-0.011771971,-0.0159891,-0.013273772,-0.009056173,-0.02034704,-0.008928064,-0.014735974,-0.012813734,-0.014180414,-0.016515132,-0.018577468,-0.013961521,-0.017727457,-0.019257393,-0.00910406,-0.0055781924,-0.011473814,-0.014808686,-0.015518712,-0.019676596,-0.010681013,-0.015849032,-0.011227295,-0.012587655,-0.006356797,-0.009918453,-0.014086654,-0.0041699987,-0.012148303,-0.014786517,-0.013017041,-0.013630119,-0.0062177503,-0.011609851,-0.014014013,-0.012998757,-0.0048831524,-0.014444865,-0.013123015,-0.012734126,-0.010292171,-0.019580208,-0.010059832,-0.013436959,-0.01469362,-0.012026673,-0.01383946,-0.017260566,-0.013618187,-0.016993368,-0.023490217,-0.01664207,-0.017857376,-0.020524086,-0.023355652,-0.016984992,-0.025861114,-0.021644384,-0.017623445,-0.020605795,-0.023821129,-0.020425703,-0.022952119,-0.026652029,-0.029629204,-0.026710946,-0.027369
30,0.0062168036,0.038933203,0.0052826204,0.009600695,0.004202868,0.0019430568,0.004771143,-0.0064281365,-0.0009360579,-0.0043914374,-0.011175679,0.001059168,0.010196873,0.00015454751,0.004436223,0.002020615,0.00719091,0.0011044,0.0075912867,-0.0068745366,-0.009109817,-0.009782531,-0.007838056,0.0037043644,0.0034055389,-0.0066688964,-0.012901118,-0.010432221,-0.0020418684,-0.0035528713,-0.0020458591,0.0023610299,-0.007968278,-0.0031943123,-0.00587482,-0.0027485462,-0.008038185,-0.016967362,-0.015543182,-0.0145298485,-0.004273447,-0.007436074,-0.017967962,-0.016494086,-0.012562189,-0.014371619,-0.02002446,-0.016192904,-0.021466916,-0.021326225,-0.014193819,-0.008856698,-0.014469424,-0.012159236,-0.0060550245,-0.0213724,-0.006283624,-0.015562123,-0.012363087,-0.011556279,-0.015837068,-0.018834056,-0.014340266,-0.017345266,-0.018139765,-0.007910277,-0.0029513624,-0.011091901,-0.013964906,-0.015437309,-0.021832563,-0.009184347,-0.0151434485,-0.010258524,-0.011046667,-0.0036741914,-0.008950663,-0.015520356,-0.003866636,-0.01217591,-0.017441977,-0.012164305,-0.01388031,-0.004345012,-0.008903899,-0.013238409,-0.012364312,-0.0014128301,-0.015390292,-0.01445047,-0.012556627,-0.010024299,-0.020182386,-0.008054018,-0.012083408,-0.014760571,-0.01196553,-0.014890386,-0.01646781,-0.013277737,-0.017272888,-0.025223207,-0.015898693,-0.015258962,-0.020791521,-0.022477211,-0.016052317,-0.025355915,-0.020591797,-0.01517847,-0.01924753,-0.023062918,-0.01715815,-0.02301276,-0.02618351,-0.03125875,-0.025239225,-0.025795221
31,-0.014336895,0.037859056,0.008990752,0.021086931,-0.0045646587,0.0033853308,0.010716589,-0.006952001,-0.010674969,0.006638363,-0.0018910989,-0.016227825,-0.011104287,-0.0048820935,-0.012262635,-0.00022662105,-0.011637914,-0.008174134,-0.010971888,0.008734082,-0.00011288561,-0.008416725,0.0025576074,-0.005538703,-0.003836787,-0.00235771,0.0025609992,0.00250486,-0.002643824,0.00091111986,-0.0063986145,-0.010841285,-0.0037479883,-0.0027060048,-0.01150915,-0.015845738,-0.015880553,-0.006995937,-0.010353209,-0.010043449,-0.024528986,-0.027346114,-0.016851407,-0.014139262,-0.008421484,-0.010256685,-0.010125417,-0.008828311,-0.014980198,-0.021533743,-0.021228231,-0.029552273,-0.025552848,-0.019829359,-0.026978545,-0.014343087,-0.02475217,-0.008825407,-0.0152053535,-0.030575717,-0.020992208,-0.017105117,-0.010925141,-0.020253003,-0.026962847,-0.015699591,-0.021489896,-0.013834778,-0.020378608,-0.01641072,-0.0068116114,-0.019775722,-0.021051262,-0.017281946,-0.022590466,-0.022604186,-0.016282763,-0.005193727,-0.004949471,-0.012076545,0.0018854402,-0.018897038,-0.012177391,-0.01747701,-0.029027902,-0.01905678,-0.01686319,-0.025624095,-0.008621562,-0.0042774063,-0.013591907,-0.011094451,-0.016647749,-0.022271048,-0.022062017,-0.013879535,-0.011819818,-0.006300941,-0.02250366,-0.015071726,-0.014303478,-0.012732359,-0.02050835,-0.034091216,-0.018798864,-0.029563595,-0.021857474,-0.029781135,-0.02822776,-0.031891536,-0.028781675,-0.027950196,-0.040345173,-0.021664439,-0.029066466,-0.019022882,-0.035733044,-0.03721834
32,0.0039476445,0.03871732,0.005755702,0.010935776,0.0033203932,0.0020699147,0.005420762,-0.0064542396,-0.0019965135,-0.0032081571,-0.010138647,-0.0008349968,0.007737928,-0.000465526,0.002556602,0.001736939,0.0051521505,0.00014779996,0.005444994,-0.0051252414,-0.008036727,-0.009522956,-0.006689241,0.002637655,0.0025325734,-0.006179764,-0.011141628,-0.008984708,-0.0021088715,-0.0030710315,-0.002519676,0.0008555767,-0.0074382867,-0.0032156885,-0.006514678,-0.004265237,-0.008854885,-0.01579116,-0.014934478,-0.01401585,-0.00654932,-0.009629294,-0.017752992,-0.016183542,-0.012154764,-0.013927978,-0.01894475,-0.015423224,-0.020646285,-0.021240756,-0.014965346,-0.011189064,-0.015684146,-0.013051316,-0.008457803,-0.020551406,-0.008400424,-0.014904217,-0.012725436,-0.0136544835,-0.016378677,-0.01862829,-0.014040127,-0.0176503,-0.019031078,-0.008868255,-0.005053613,-0.011397205,-0.014638472,-0.015501338,-0.020106204,-0.010382049,-0.015704636,-0.011033892,-0.0122775175,-0.0058210567,-0.009723053,-0.0143737765,-0.00411357,-0.012153567,-0.015318712,-0.012843644,-0.013680013,-0.0058442564,-0.01106615,-0.01385796,-0.012872202,-0.004190958,-0.014633328,-0.013390668,-0.012699509,-0.010241279,-0.019698085,-0.009658346,-0.013165321,-0.014708014,-0.012016814,-0.014053449,-0.017100161,-0.013552338,-0.017052898,-0.023837235,-0.016495457,-0.017336644,-0.020578159,-0.023177132,-0.016801843,-0.02575681,-0.021432973,-0.01713689,-0.02033464,-0.023671554,-0.019772809,-0.022967929,-0.026560122,-0.029957198,-0.02641648,-0.027053224
33,-0.01569212,0.03786888,0.009179667,0.02178992,-0.005203738,0.0035074386,0.011110246,-0.00701272,-0.011325524,0.0073877824,-0.0012953337,-0.017373927,-0.0124190925,-0.005157086,-0.013329243,-0.00034277968,-0.012908175,-0.008836359,-0.01210847,0.009738036,0.00041792635,-0.008408068,0.0032411413,-0.0061062034,-0.004252135,-0.002083899,0.0035319552,0.003336275,-0.0026882442,0.0012086094,-0.0066950377,-0.011672585,-0.0035251786,-0.0026168854,-0.0118649835,-0.016646767,-0.016433535,-0.0064024394,-0.01003719,-0.009767504,-0.025828123,-0.028659113,-0.01685094,-0.01402511,-0.008109677,-0.0099811675,-0.009461383,-0.008315283,-0.014635458,-0.021633018,-0.021687992,-0.030872393,-0.026286608,-0.020293089,-0.028280731,-0.013918617,-0.025899844,-0.008314327,-0.015359057,-0.0318271,-0.021355063,-0.01700163,-0.01064425,-0.020455875,-0.027611006,-0.016135111,-0.022664186,-0.014009892,-0.020825572,-0.016513303,-0.005878309,-0.02045055,-0.021511052,-0.017750798,-0.023379382,-0.023801904,-0.01679109,-0.004518618,-0.004921997,-0.0120786335,0.003165543,-0.019383531,-0.01207513,-0.018302795,-0.030399244,-0.019456323,-0.017152827,-0.02712901,-0.008178503,-0.0035573412,-0.013638561,-0.011082901,-0.016489923,-0.023170156,-0.02273317,-0.013780414,-0.011759482,-0.0056477236,-0.02292345,-0.015128798,-0.014023814,-0.0119164055,-0.020737566,-0.03532994,-0.01866749,-0.030095417,-0.022155832,-0.030135978,-0.028724369,-0.03289752,-0.029379874,-0.028218906,-0.041827504,-0.021496927,-0.02921379,-0.01817948,-0.036402293,-0.037964396
34,-0.016946523,0.037882544,0.009355526,0.022459682,-0.0057802917,0.0036336756,0.011468688,-0.007060728,-0.011905082,0.008058697,-0.00075481925,-0.018423764,-0.013649118,-0.005405672,-0.014319964,-0.00045353302,-0.014080009,-0.009446748,-0.013147018,0.010682761,0.00091812294,-0.008374376,0.003883278,-0.0066193044,-0.0046219043,-0.0018349746,0.004445631,0.004083059,-0.0027250338,0.0014729579,-0.00696539,-0.012440312,-0.003314689,-0.0025520083,-0.012191112,-0.017397853,-0.016932499,-0.0058296593,-0.009732563,-0.009530481,-0.027042843,-0.02987408,-0.016824722,-0.013914794,-0.007824,-0.00972604,-0.008854486,-0.007870674,-0.014297296,-0.021705456,-0.02209196,-0.032080244,-0.026953053,-0.020692732,-0.029489795,-0.013547009,-0.02695974,-0.007861593,-0.015524594,-0.032973003,-0.021697972,-0.016903851,-0.010405552,-0.02063572,-0.028203417,-0.016572265,-0.02374723,-0.014162979,-0.021232251,-0.016611695,-0.004994925,-0.021075131,-0.021909747,-0.018215785,-0.024115838,-0.024916448,-0.017238678,-0.0039106244,-0.004935701,-0.012091767,0.004352404,-0.019800998,-0.011994632,-0.019071775,-0.03167359,-0.019832557,-0.017426152,-0.028524872,-0.0077334074,-0.0028817132,-0.0136837885,-0.011071967,-0.016348358,-0.02397364,-0.023361426,-0.013678862,-0.01172187,-0.0050600534,-0.023278296,-0.015187463,-0.013792395,-0.011167643,-0.020941218,-0.036466725,-0.018552465,-0.030575357,-0.022459684,-0.030442785,-0.02916527,-0.033830944,-0.029927006,-0.028482204,-0.043200705,-0.02137964,-0.029353686,-0.017407943,-0.03702601,-0.038647447
35,-0.012880556,0.037864704,0.008773583,0.020310033,-0.0038978225,0.0032531638,0.010296265,-0.0068959193,-0.009987276,0.005847552,-0.0025308654,-0.015002346,-0.009664466,-0.004576165,-0.011105621,-9.288208e-05,-0.010279008,-0.0074742213,-0.009735928,0.0076412736,-0.00070037134,-0.008454937,0.0018171687,-0.004923884,-0.0033829294,-0.0026522782,0.0014990568,0.0016160011,-0.0025990605,0.00059715426,-0.00608397,-0.009940653,-0.0040022396,-0.0027821986,-0.011125006,-0.014965779,-0.015298437,-0.007659157,-0.0107044745,-0.010336036,-0.023118256,-0.0259345,-0.016880224,-0.014272951,-0.00874698,-0.010552613,-0.010834381,-0.009360827,-0.015377061,-0.021454927,-0.020741783,-0.028129794,-0.024770722,-0.01933473,-0.025560314,-0.014798765,-0.023502395,-0.009351419,-0.015022057,-0.029235823,-0.02060389,-0.017220642,-0.011206093,-0.020041764,-0.026284495,-0.015198796,-0.020217536,-0.013648242,-0.019906774,-0.016308298,-0.007836768,-0.019045679,-0.020584438,-0.016765257,-0.02174512,-0.021303158,-0.015751453,-0.0059135617,-0.00493938,-0.012071191,0.0005092956,-0.01839745,-0.012283208,-0.016577203,-0.027560238,-0.01862802,-0.016548347,-0.023984311,-0.009114422,-0.005045645,-0.013536579,-0.011088729,-0.01683161,-0.021308377,-0.02134004,-0.013980534,-0.011864483,-0.006977299,-0.022072198,-0.014993933,-0.014574132,-0.01360866,-0.02024926,-0.032763347,-0.018937811,-0.029011581,-0.02150577,-0.029422387,-0.027699782,-0.030788641,-0.028133709,-0.02764304,-0.038741548,-0.021810547,-0.028898103,-0.019918427,-0.03500575,-0.03641706
36,-0.02692517,0.03839055,0.010455152,0.027421704,-0.010708804,0.004740774,0.014338693,-0.007614845,-0.016654637,0.01357881,0.0034796111,-0.026832758,-0.022911023,-0.007089806,-0.021986417,-0.0011473394,-0.023564897,-0.014550647,-0.020982563,0.018001046,0.0045473007,-0.008608855,0.008947996,-0.010522435,-0.0073046796,0.00012393901,0.0113789905,0.009989142,-0.0030905537,0.0036097034,-0.00920381,-0.018349867,-0.001953348,-0.0016768739,-0.01471184,-0.022987315,-0.021133464,-0.0017148294,-0.0074793864,-0.0077038202,-0.036452774,-0.03953292,-0.017090326,-0.013265009,-0.005331666,-0.007705178,-0.0039242636,-0.004098964,-0.012107819,-0.02278744,-0.025335105,-0.041500695,-0.032306656,-0.023752894,-0.03867605,-0.010718102,-0.035020605,-0.0038455334,-0.016598811,-0.042121135,-0.024515335,-0.016174005,-0.008156126,-0.022130655,-0.03328015,-0.019519787,-0.032124087,-0.015362993,-0.02459262,-0.017583098,0.0016399827,-0.025926143,-0.02554065,-0.021850599,-0.030058488,-0.033484995,-0.021013226,0.0009700544,-0.00439833,-0.0121994335,0.013811965,-0.023435075,-0.011349305,-0.024967555,-0.042009663,-0.022872146,-0.019543478,-0.03912836,-0.0043227375,0.0027118474,-0.013923333,-0.010556487,-0.015588438,-0.030249272,-0.028374368,-0.012679327,-0.011103046,0.000121479854,-0.02633407,-0.015320251,-0.01141973,-0.0052227154,-0.022201616,-0.045526564,-0.017629452,-0.03476263,-0.024343014,-0.033265717,-0.03267729,-0.040730886,-0.03414432,-0.030256372,-0.05387474,-0.019916607,-0.030247461,-0.011048747,-0.04182132,-0.0440365
37,-0.011351664,0.037879247,0.008543485,0.01950455,-0.0031907046,0.0031270925,0.009850779,-0.006833771,-0.009250877,0.0050029606,-0.0032113446,-0.013708023,-0.008156548,-0.0042464007,-0.009891925,4.7603156e-05,-0.008853839,-0.006741115,-0.008422985,0.0065041473,-0.0013159765,-0.008482882,0.0010477351,-0.0042678127,-0.0028921457,-0.0029649953,0.00039129704,0.0006657969,-0.002550585,0.0002589901,-0.005752404,-0.008990354,-0.00426995,-0.0028696163,-0.010717831,-0.014044384,-0.014682492,-0.008343548,-0.011065684,-0.010658484,-0.02164369,-0.024452856,-0.016897006,-0.014413183,-0.009087509,-0.010863064,-0.011581182,-0.009939022,-0.015786871,-0.021364156,-0.02021584,-0.026623132,-0.023940366,-0.018791474,-0.024067994,-0.015294526,-0.022185147,-0.009912482,-0.014844574,-0.027820159,-0.020203143,-0.017339518,-0.011511611,-0.019813722,-0.025571544,-0.014691533,-0.01887717,-0.013446309,-0.019407371,-0.016205225,-0.008903224,-0.0182772,-0.020080708,-0.016246056,-0.020863637,-0.019937266,-0.015180083,-0.006680429,-0.0049497434,-0.012073927,-0.00093284063,-0.01785288,-0.012404704,-0.015634757,-0.026027473,-0.018183075,-0.016220752,-0.022258632,-0.009606551,-0.0058409562,-0.013477872,-0.0110764615,-0.017033393,-0.02027465,-0.020587726,-0.014077039,-0.011921924,-0.007691834,-0.021597097,-0.014912463,-0.014870525,-0.014532932,-0.019965623,-0.031362385,-0.019088222,-0.028428111,-0.021150172,-0.029035324,-0.027132042,-0.029624172,-0.027448084,-0.02732734,-0.037055057,-0.021984905,-0.028720256,-0.02086092,-0.034243606,-0.03557013
38,-0.023718534,0.03815353,0.010153083,0.025864232,-0.009087286,0.004352793,0.013421416,-0.0074195582,-0.01513676,0.011804972,0.0021452084,-0.024135372,-0.020007018,-0.0066057937,-0.01955647,-0.00095194974,-0.02049876,-0.012872713,-0.018555533,0.015664473,0.0034267148,-0.008484211,0.0073177274,-0.009316216,-0.006506434,-0.00049521355,0.009188451,0.008128641,-0.0029677735,0.0029310514,-0.008475925,-0.016485061,-0.0023430646,-0.001993025,-0.013917778,-0.021243928,-0.019764807,-0.0029935502,-0.008189835,-0.008257769,-0.03345662,-0.036431998,-0.0169586,-0.013442011,-0.006164369,-0.008353034,-0.0055123754,-0.00530928,-0.012753825,-0.022380052,-0.024317723,-0.038523965,-0.03059411,-0.022828693,-0.03579082,-0.011577081,-0.032498896,-0.005177549,-0.016264455,-0.039192762,-0.023586087,-0.016400572,-0.008908108,-0.021647587,-0.031597223,-0.01861688,-0.029480128,-0.014993485,-0.023500133,-0.017233126,-0.00045167282,-0.024386644,-0.024333071,-0.02065347,-0.028127067,-0.030773368,-0.019796595,-0.0005817376,-0.0046282075,-0.012149628,0.010768171,-0.022259116,-0.011538585,-0.02310674,-0.03865091,-0.021878863,-0.018864928,-0.035802472,-0.00544197,0.0008680895,-0.013862682,-0.010794233,-0.015765863,-0.028291069,-0.026751515,-0.013046652,-0.011333011,-0.0016038362,-0.025358219,-0.015326468,-0.0122331735,-0.0071210526,-0.021868125,-0.04262621,-0.017917784,-0.03337171,-0.023790672,-0.03232452,-0.031574067,-0.038597092,-0.032822885,-0.029721025,-0.050484654,-0.020425359,-0.029990796,-0.013114594,-0.04030375,-0.04232359
39,-0.0104951635,0.037895896,0.008406311,0.01903868,-0.0028077876,0.0030537862,0.009603516,-0.0068051373,-0.008847561,0.0045410506,-0.0035908585,-0.012987869,-0.0072947973,-0.004056696,-0.009205343,0.0001317939,-0.008059011,-0.0063373214,-0.0076810513,0.0058568837,-0.001671508,-0.00851813,0.0006118212,-0.0038990083,-0.00261487,-0.0031399115,-0.00024179742,0.00013904739,-0.0025255177,7.437356e-05,-0.005569271,-0.008454242,-0.004428884,-0.00290544,-0.01048925,-0.013516127,-0.014345686,-0.008744409,-0.011276344,-0.010834161,-0.020807616,-0.023622349,-0.016925901,-0.014498555,-0.009272736,-0.011036823,-0.011996201,-0.010248313,-0.016033744,-0.02133166,-0.01992842,-0.02577879,-0.023480523,-0.018493341,-0.023221042,-0.015569047,-0.02143805,-0.01021108,-0.014731692,-0.027031384,-0.019978546,-0.017409049,-0.011668269,-0.019691184,-0.025183408,-0.014384242,-0.018120749,-0.01333536,-0.019133484,-0.016151547,-0.009515725,-0.017843954,-0.019817416,-0.015943522,-0.02037029,-0.019163445,-0.014871282,-0.0071047083,-0.0049279025,-0.01207209,-0.0017415117,-0.017565293,-0.012468524,-0.015098993,-0.025171202,-0.017933246,-0.016034616,-0.021278713,-0.00989666,-0.0062849475,-0.013441942,-0.011059498,-0.017153705,-0.01970141,-0.020164996,-0.014129335,-0.011940187,-0.008075672,-0.021346511,-0.014856761,-0.015016219,-0.015049713,-0.019800747,-0.030580606,-0.019170413,-0.028113851,-0.020929763,-0.028833993,-0.026819708,-0.028959464,-0.027061824,-0.027138114,-0.03610413,-0.022058364,-0.028614655,-0.021381902,-0.033811457,-0.035096854
40,-0.020702774,0.037998106,0.009820732,0.024352992,-0.007607029,0.0040125926,0.012557561,-0.0072579905,-0.013716082,0.010150678,0.00087195635,-0.0216003,-0.017199825,-0.006099212,-0.017238114,-0.00073996035,-0.017637588,-0.01133254,-0.016194738,0.013444697,0.0023228899,-0.008430228,0.0057830913,-0.008144336,-0.0057040392,-0.0010840837,0.007083766,0.0063576326,-0.0028611347,0.0022909069,-0.007802827,-0.014698637,-0.002757499,-0.0022449587,-0.01315712,-0.019548235,-0.018505398,-0.004251957,-0.008877477,-0.008800307,-0.030605623,-0.0335139,-0.0168941,-0.013641962,-0.0069144624,-0.008963944,-0.0069953473,-0.0064304257,-0.013428886,-0.02206541,-0.023350682,-0.035684552,-0.028983336,-0.021920554,-0.033010453,-0.012419714,-0.030064965,-0.006377481,-0.015926411,-0.036435474,-0.022731116,-0.01662061,-0.00957373,-0.021198861,-0.03006811,-0.017704956,-0.026951766,-0.01463666,-0.022488203,-0.016937152,-0.0024692453,-0.022919953,-0.02325312,-0.01953777,-0.026327733,-0.028179068,-0.018670943,-0.002045649,-0.0047664065,-0.012110638,0.007909246,-0.021181114,-0.011725199,-0.02132346,-0.0355265,-0.02095637,-0.01822136,-0.03259536,-0.0064924527,-0.0008254126,-0.013788017,-0.010948701,-0.015994377,-0.026411049,-0.025232218,-0.013354323,-0.011509726,-0.0031569395,-0.024455221,-0.015282381,-0.01293148,-0.008912986,-0.021490887,-0.039894328,-0.01819251,-0.03211464,-0.023203868,-0.03148576,-0.030524116,-0.03650755,-0.031553324,-0.029175716,-0.047256973,-0.020843925,-0.029717129,-0.015028717,-0.03885193,-0.04069967
41,-0.012113074,0.03787007,0.008659346,0.019907262,-0.0035412041,0.0031890748,0.010072526,-0.006863954,-0.009616991,0.0054228343,-0.0028721718,-0.01435235,-0.008909785,-0.0044120443,-0.010497214,-2.3141038e-05,-0.009562583,-0.0071049444,-0.009078852,0.0070710005,-0.0010077022,-0.008466624,0.0014308793,-0.0045953947,-0.003137861,-0.0028091872,0.0009442754,0.0011392571,-0.0025744408,0.00042730058,-0.0059171678,-0.009464637,-0.004135263,-0.0028278185,-0.010921011,-0.014504904,-0.014988042,-0.008000886,-0.010885105,-0.010497378,-0.022378996,-0.025190618,-0.016886663,-0.0143423015,-0.008919103,-0.010708446,-0.011209799,-0.009652043,-0.015580484,-0.021407124,-0.020477714,-0.02737439,-0.024353705,-0.019062875,-0.024813281,-0.015046796,-0.02284272,-0.009634921,-0.014933934,-0.028525017,-0.020402208,-0.017280191,-0.011361107,-0.019927204,-0.02592494,-0.014946319,-0.019545741,-0.013547017,-0.019655563,-0.016255742,-0.008370431,-0.01866046,-0.020329554,-0.016504586,-0.021301981,-0.020618781,-0.015463639,-0.006298621,-0.004947312,-0.012072356,-0.00021490082,-0.018122755,-0.012344047,-0.016105035,-0.02678959,-0.0184043,-0.01638422,-0.02312025,-0.009361262,-0.0054462375,-0.013507774,-0.011084628,-0.016931007,-0.020790128,-0.020962242,-0.01402992,-0.01189469,-0.007338414,-0.021832813,-0.014954589,-0.014725318,-0.014072631,-0.020108651,-0.032059964,-0.019013423,-0.028716998,-0.021329615,-0.029226271,-0.027414802,-0.030206628,-0.027790133,-0.027485965,-0.03789611,-0.021900294,-0.028810006,-0.020392716,-0.034623753,-0.03599198
42,-0.02259251,0.03808644,0.010036277,0.0253161,-0.0085205035,0.004225694,0.013096321,-0.007351201,-0.014593651,0.011174435,0.0016676346,-0.023183724,-0.018976707,-0.006422921,-0.01869691,-0.00087886956,-0.019422308,-0.0122898985,-0.017680626,0.014844802,0.0030278796,-0.008441117,0.006747595,-0.008878445,-0.0062083416,-0.00071669836,0.008416485,0.00745992,-0.0029234658,0.0026881746,-0.00822009,-0.015823632,-0.002488146,-0.0021040791,-0.013635135,-0.020624414,-0.01928204,-0.0034434237,-0.008438583,-0.00846388,-0.032402538,-0.03534171,-0.016913366,-0.01350873,-0.0064523434,-0.008580629,-0.0060734786,-0.0057449145,-0.012985012,-0.02224256,-0.02394827,-0.0374641,-0.029987229,-0.022483118,-0.03476648,-0.011895552,-0.031597793,-0.0056444136,-0.016151987,-0.03815787,-0.02326652,-0.016482357,-0.009174144,-0.0214773,-0.031014035,-0.018302118,-0.028539848,-0.01485733,-0.023117326,-0.017119475,-0.0011876058,-0.023842385,-0.023907812,-0.020248061,-0.027454995,-0.02981513,-0.019361582,-0.0011362769,-0.0047102915,-0.012138585,0.009699881,-0.02183677,-0.011613265,-0.022446947,-0.037479043,-0.021535479,-0.018628456,-0.034619104,-0.005819888,0.00023127347,-0.013839505,-0.010863767,-0.015842259,-0.027582377,-0.026186556,-0.0131631605,-0.011412902,-0.002204679,-0.025003042,-0.015320791,-0.012518803,-0.0077929553,-0.021734418,-0.041601922,-0.01802316,-0.03288797,-0.023595534,-0.03199296,-0.031175204,-0.03783331,-0.03234901,-0.029530812,-0.049287,-0.020608878,-0.029896582,-0.013840076,-0.039767377,-0.041715488
43,0.002477766,0.03858891,0.006054927,0.01179155,0.0027361363,0.0021554185,0.005843333,-0.006475159,-0.0026867522,-0.002435661,-0.009466767,-0.0020651761,0.0061582946,-0.00086050853,0.001342833,0.0015570184,0.0038260045,-0.0004810132,0.004064502,-0.003995107,-0.007352021,-0.009370297,-0.005945465,0.0019512045,0.001975009,-0.005864317,-0.010007742,-0.008047534,-0.0021513575,-0.0027560387,-0.00282679,-0.00011397619,-0.0071023065,-0.0032189817,-0.0069273706,-0.0052395863,-0.009390933,-0.015038819,-0.014545576,-0.013683727,-0.008019002,-0.011051265,-0.017626116,-0.01598863,-0.011884276,-0.01363864,-0.018243812,-0.0149169285,-0.020128392,-0.021199739,-0.015467847,-0.012695754,-0.016473403,-0.013625594,-0.010003115,-0.020024005,-0.0097632855,-0.014466496,-0.012952272,-0.015015129,-0.016732443,-0.018497353,-0.013834398,-0.017850447,-0.019618917,-0.009475434,-0.0064090616,-0.011595406,-0.015079932,-0.015547452,-0.018996734,-0.011154624,-0.016080845,-0.011534024,-0.013081334,-0.0072054584,-0.01022969,-0.0136312805,-0.004255783,-0.012140321,-0.013941634,-0.013294291,-0.013551335,-0.0068089543,-0.012474423,-0.0142624155,-0.013199205,-0.005978725,-0.014146207,-0.0126964245,-0.012788204,-0.010370154,-0.019395905,-0.010696212,-0.013868695,-0.014669627,-0.012040244,-0.01349664,-0.01751621,-0.013720443,-0.016895764,-0.022939727,-0.016872298,-0.018683843,-0.02043792,-0.023641357,-0.017272417,-0.026029378,-0.021980155,-0.018392451,-0.021035103,-0.02405642,-0.021460243,-0.02292391,-0.026796054,-0.029107261,-0.027177945,-0.027870491
44,-0.006911315,0.03800171,0.007814558,0.017095044,-0.0012077466,0.002777021,0.008561503,-0.0066855783,-0.007134613,0.0025870688,-0.00519927,-0.009961663,-0.0036735898,-0.0032329648,-0.0063259783,0.00049212546,-0.0047427444,-0.0046636313,-0.0045263004,0.003161068,-0.0031724758,-0.008663058,-0.0011981018,-0.002325529,-0.001412217,-0.003881286,-0.0028893678,-0.002102336,-0.0024185155,-0.00071300194,-0.0048026135,-0.006192377,-0.005109096,-0.0030553234,-0.009521718,-0.011295056,-0.012936052,-0.010415081,-0.012150349,-0.011602245,-0.017312407,-0.02014782,-0.017039819,-0.0148658175,-0.010036308,-0.011761926,-0.01373503,-0.011571307,-0.017074455,-0.021202065,-0.018696625,-0.022209892,-0.02153992,-0.017190803,-0.019651897,-0.016759772,-0.018284865,-0.011460381,-0.014278691,-0.023713198,-0.019057434,-0.017698409,-0.012329635,-0.019170053,-0.02357446,-0.013113544,-0.014935058,-0.012858664,-0.017986301,-0.015944894,-0.012074071,-0.016021326,-0.01870761,-0.014722053,-0.018324431,-0.01591308,-0.013559681,-0.008902579,-0.0048509925,-0.012082041,-0.0051191244,-0.016335271,-0.012757524,-0.0128512215,-0.021614296,-0.01690161,-0.015259678,-0.017147962,-0.0110645,-0.008109798,-0.013285225,-0.01095652,-0.017692149,-0.01725031,-0.018410455,-0.014320364,-0.012023618,-0.009668661,-0.020261947,-0.014608817,-0.015628,-0.017222252,-0.019070584,-0.027295582,-0.019522704,-0.026807688,-0.02001203,-0.027987864,-0.025486296,-0.026142288,-0.025427917,-0.02634552,-0.032108113,-0.022385197,-0.028160064,-0.02355731,-0.032000564,-0.03310439
45,-0.008064486,0.037960898,0.00800924,0.017721921,-0.0017201025,0.0028627545,0.0088975355,-0.006723116,-0.00768849,0.003217047,-0.0046789604,-0.010936493,-0.00484402,-0.003503088,-0.0072546354,0.00037400168,-0.00580851,-0.005198708,-0.00554993,0.004028881,-0.0026859883,-0.008613801,-0.000616529,-0.002836689,-0.0018060551,-0.0036410438,-0.0020355154,-0.0013763644,-0.0024532352,-0.00045846682,-0.0050491546,-0.0069233375,-0.0048864037,-0.0030088425,-0.009834631,-0.012013258,-0.013388825,-0.00987567,-0.011868669,-0.011351555,-0.01843841,-0.021266088,-0.01700082,-0.014745023,-0.009792744,-0.011529172,-0.013175261,-0.0111437375,-0.016735792,-0.021239666,-0.019095981,-0.02336368,-0.022165872,-0.01761678,-0.020805504,-0.016371127,-0.019305341,-0.011060933,-0.014424029,-0.024783045,-0.019351132,-0.01760465,-0.012118154,-0.01933747,-0.024087984,-0.013524194,-0.015964339,-0.013013357,-0.018354286,-0.016007826,-0.011249259,-0.016609749,-0.019062886,-0.015110936,-0.018979985,-0.01696223,-0.01398313,-0.008321406,-0.004878347,-0.012077024,-0.004032729,-0.016732043,-0.012662076,-0.013576944,-0.022755027,-0.017231695,-0.015508648,-0.018483952,-0.010692625,-0.0075271484,-0.013336812,-0.010995936,-0.01751275,-0.018045783,-0.018972866,-0.014263239,-0.01199819,-0.009160383,-0.020613752,-0.014692479,-0.015433966,-0.016521547,-0.019312402,-0.028354377,-0.019408336,-0.027224569,-0.020310132,-0.028258268,-0.025918271,-0.027055707,-0.025956873,-0.02660284,-0.033397414,-0.022281313,-0.028308956,-0.022858683,-0.03258454,-0.033747196
46,0.0024615722,0.038587563,0.006058181,0.0118008815,0.0027295966,0.0021563778,0.005848008,-0.006475433,-0.0026944294,-0.0024270774,-0.009459349,-0.002078765,0.006140997,-0.0008648197,0.0013294937,0.0015550655,0.0038113366,-0.00048800092,0.0040493356,-0.0039826897,-0.0073445635,-0.009368761,-0.0059372783,0.0019436477,0.0019688858,-0.005860832,-0.009995315,-0.008037171,-0.0021518394,-0.0027525406,-0.0028301906,-0.00012461934,-0.007098658,-0.0032189102,-0.0069319075,-0.005250247,-0.009396917,-0.015030637,-0.014541341,-0.013680059,-0.008035145,-0.011066944,-0.017624836,-0.015986528,-0.011881236,-0.013635451,-0.018236054,-0.014911252,-0.020122811,-0.021199407,-0.015473429,-0.01271235,-0.016482133,-0.01363194,-0.010020048,-0.020018194,-0.009778256,-0.014461566,-0.012954689,-0.015030157,-0.016736347,-0.018495917,-0.0138320215,-0.017852662,-0.019625468,-0.009481985,-0.006423965,-0.011597598,-0.015084828,-0.015547978,-0.01898461,-0.011163116,-0.016085118,-0.011539483,-0.013090216,-0.0072206585,-0.010235362,-0.013623067,-0.004257176,-0.01214017,-0.013926449,-0.013299373,-0.013549902,-0.0068195392,-0.0124899885,-0.01426688,-0.013202779,-0.0059983414,-0.014140904,-0.012688727,-0.012789145,-0.010371495,-0.019392647,-0.010707682,-0.013876437,-0.014669188,-0.012040414,-0.013490377,-0.017520895,-0.013722223,-0.016893888,-0.022929821,-0.0168764,-0.018698715,-0.02043635,-0.02364656,-0.017277457,-0.0260325,-0.021986224,-0.018406184,-0.021042813,-0.024060579,-0.02147879,-0.02292327,-0.026798591,-0.029097829,-0.027186316,-0.027879518
47,-0.011944229,0.03787347,0.008631908,0.019811668,-0.0034688907,0.003173641,0.010024827,-0.006860002,-0.009541778,0.005335599,-0.0029453244,-0.014212271,-0.008737084,-0.004374814,-0.010361081,-5.8501028e-06,-0.009407657,-0.0070263594,-0.008933915,0.006941422,-0.001080107,-0.00847886,0.001343999,-0.0045243907,-0.0030851397,-0.002842631,0.0008167941,0.0010390356,-0.0025705444,0.00039249705,-0.0058820182,-0.009358584,-0.0041676923,-0.0028309363,-0.0108761685,-0.014398566,-0.014924677,-0.008084331,-0.010928655,-0.010529926,-0.022212107,-0.025027335,-0.016897026,-0.014360261,-0.008954095,-0.010742968,-0.011289759,-0.009707864,-0.01563328,-0.021404563,-0.020424314,-0.027209863,-0.024265127,-0.019008035,-0.024644453,-0.015098221,-0.022695541,-0.009689801,-0.0149078285,-0.028371839,-0.02035711,-0.017293906,-0.0113877375,-0.019903636,-0.025850205,-0.014879805,-0.019397013,-0.013526245,-0.01960255,-0.016244708,-0.008495128,-0.01857492,-0.020282775,-0.016440673,-0.021204222,-0.020464871,-0.015407193,-0.00637943,-0.0049359757,-0.012070665,-0.0003741011,-0.01807168,-0.012354645,-0.015998539,-0.026621051,-0.018354364,-0.016346294,-0.022925917,-0.009423377,-0.005533932,-0.013499768,-0.011080335,-0.01695512,-0.020681348,-0.020877635,-0.014041289,-0.011894963,-0.0074100606,-0.021789111,-0.014942035,-0.014748569,-0.014173167,-0.020076673,-0.031907715,-0.019028384,-0.028657645,-0.021280827,-0.029190931,-0.027356107,-0.030073807,-0.027714964,-0.027445931,-0.037707996,-0.021908162,-0.028787833,-0.020493008,-0.03453777,-0.035900004
48,-0.02458953,0.038208507,0.01024261,0.026307171,-0.009510607,0.0044587003,0.013667073,-0.0074622333,-0.015531666,0.012269581,0.0025038365,-0.024861293,-0.020816736,-0.0067437477,-0.02022294,-0.0010122245,-0.021320526,-0.013319455,-0.019220244,0.01631046,0.0037475443,-0.008489173,0.0077639427,-0.009641517,-0.0067229643,-0.0003296081,0.009800632,0.008622574,-0.0029948964,0.003110358,-0.008667594,-0.016998187,-0.0022260286,-0.0019289088,-0.014134946,-0.02173373,-0.020119844,-0.0026211068,-0.007987016,-0.008112909,-0.034283187,-0.037273027,-0.016967982,-0.0133843105,-0.0059477,-0.008176514,-0.005091578,-0.0050033946,-0.012552234,-0.022466222,-0.024581846,-0.03933135,-0.031051971,-0.023069046,-0.036590744,-0.011350847,-0.03319111,-0.004839766,-0.01637286,-0.039980773,-0.023838703,-0.016339505,-0.008726381,-0.021775706,-0.03203984,-0.018894933,-0.030200988,-0.015088986,-0.023790915,-0.01732556,0.0001380872,-0.024808852,-0.024633005,-0.020994231,-0.028652236,-0.03152265,-0.020107329,-0.00017184205,-0.004604299,-0.012168504,0.011593707,-0.022552297,-0.011494604,-0.023618314,-0.03955694,-0.022150857,-0.019054309,-0.036721766,-0.005118329,0.0013640448,-0.013885027,-0.010743082,-0.015707994,-0.028812025,-0.02719579,-0.012947284,-0.01128744,-0.0011615809,-0.025599074,-0.015337286,-0.012044134,-0.0066098776,-0.021965936,-0.043407954,-0.017843518,-0.03373181,-0.023970762,-0.032556683,-0.031863563,-0.039196227,-0.033180255,-0.029883016,-0.051414322,-0.02032224,-0.030070309,-0.012567652,-0.040722698,-0.042785794
49,0.0074076336,0.039054707,0.0050292737,0.008893346,0.0046562552,0.0018788258,0.004431761,-0.006417333,-0.00038226298,-0.0050076684,-0.011719413,0.002050511,0.01149682,0.00048451917,0.005425182,0.0021720924,0.00825666,0.0015995121,0.008724252,-0.007794548,-0.009680655,-0.0099304905,-0.008441225,0.004267207,0.0038691894,-0.0069265515,-0.013828456,-0.011191801,-0.0020057634,-0.0038032678,-0.0017971344,0.0031551057,-0.008251559,-0.0031751345,-0.00553783,-0.0019469268,-0.007614907,-0.017591521,-0.01586677,-0.014799906,-0.0030759631,-0.006286237,-0.018089935,-0.016661575,-0.012771074,-0.014602832,-0.02059004,-0.016590703,-0.021907656,-0.021381697,-0.013791378,-0.0076301056,-0.013834009,-0.011688843,-0.004786065,-0.021806296,-0.005167028,-0.015898824,-0.012166786,-0.0104565825,-0.015554883,-0.0189439,-0.014489133,-0.017187152,-0.017679688,-0.007397664,-0.0018436401,-0.010932126,-0.013615387,-0.015406902,-0.022744965,-0.00855352,-0.014858449,-0.009849677,-0.010405863,-0.002543252,-0.008550287,-0.016122174,-0.0037237818,-0.012188574,-0.018554859,-0.011816086,-0.013986176,-0.0035534278,-0.0077748806,-0.01291571,-0.01209617,5.3344294e-05,-0.015790215,-0.015000939,-0.012478739,-0.009902056,-0.02044497,-0.0072117555,-0.011517558,-0.014785247,-0.011931155,-0.015318741,-0.016141087,-0.0131264385,-0.017377464,-0.025950616,-0.0155787,-0.014169894,-0.020901695,-0.022117918,-0.015647803,-0.025155388,-0.020152502,-0.014141496,-0.018674403,-0.022736518,-0.015781615,-0.023024997,-0.025979793,-0.031936646,-0.024620974,-0.025137302
50,0.0005111676,0.038431697,0.0064459704,0.012925905,0.0019399291,0.002274374,0.0064103734,-0.006508023,-0.0036133197,-0.0013957126,-0.0085685905,-0.0037142169,0.004061155,-0.0013799968,-0.0002761595,0.0013213425,0.002045181,-0.0013333354,0.0022309124,-0.002486797,-0.0064485394,-0.009184028,-0.0049506174,0.0010391215,0.0012396558,-0.005444241,-0.00849812,-0.0067954427,-0.002207412,-0.0023318888,-0.0032381902,-0.0014039883,-0.006662179,-0.003211081,-0.007477058,-0.0065329163,-0.010116268,-0.014043752,-0.014031351,-0.0132412575,-0.009979634,-0.012955001,-0.017470995,-0.015735611,-0.011514524,-0.013249317,-0.01730411,-0.014231385,-0.019451955,-0.021162076,-0.016142355,-0.014705405,-0.01753157,-0.014388211,-0.012056706,-0.019324606,-0.0115756765,-0.013867101,-0.013247127,-0.0168366,-0.017209735,-0.018324815,-0.013546175,-0.018121116,-0.020418283,-0.010272086,-0.008214418,-0.011860767,-0.015676532,-0.015615341,-0.017522827,-0.012184051,-0.016599007,-0.012201847,-0.014164406,-0.00904953,-0.010914252,-0.0126386015,-0.0044253254,-0.01212427,-0.012097281,-0.013908787,-0.013380844,-0.008091878,-0.01436803,-0.014807331,-0.013634628,-0.008355348,-0.0134971775,-0.011757833,-0.0129022775,-0.010527759,-0.019006047,-0.012081352,-0.01481303,-0.0146122025,-0.012060361,-0.012734,-0.018079398,-0.013933409,-0.016668199,-0.02173965,-0.017363705,-0.020487256,-0.02024844,-0.024275543,-0.017884443,-0.026408872,-0.022713935,-0.02005562,-0.021967327,-0.024560204,-0.023709856,-0.022847742,-0.027102161,-0.027962063,-0.028194811,-0.028965842
51,-0.0011606831,0.038312037,0.006769182,0.013879297,0.0012491811,0.002379619,0.006893962,-0.00654102,-0.00440466,-0.00050508557,-0.00780586,-0.0051191216,0.0022946717,-0.0018127686,-0.001647227,0.0011261867,0.00052495487,-0.002068256,0.0006852206,-0.0012088967,-0.0056927963,-0.0090434505,-0.0041054534,0.0002696908,0.0006243491,-0.005088748,-0.007222917,-0.005732307,-0.0022549496,-0.001968793,-0.003588927,-0.0024937326,-0.0062974556,-0.0031920876,-0.00794198,-0.0076217377,-0.010741012,-0.01321001,-0.013600253,-0.012866732,-0.011640176,-0.014574385,-0.017354025,-0.0155281555,-0.011192516,-0.01291664,-0.016502967,-0.013640222,-0.018893363,-0.021147128,-0.016718015,-0.01640797,-0.018433383,-0.0150316395,-0.013788704,-0.01873548,-0.013105461,-0.013343755,-0.0134891085,-0.018386273,-0.017619114,-0.018180538,-0.013288354,-0.018353986,-0.021110427,-0.010933116,-0.009741329,-0.012086526,-0.016189314,-0.015679073,-0.016280849,-0.013055105,-0.017054506,-0.012767725,-0.0150916735,-0.010608819,-0.01150322,-0.0117947655,-0.004548458,-0.012111834,-0.010527717,-0.014442775,-0.013237018,-0.009174934,-0.01598653,-0.015273792,-0.014002694,-0.010360514,-0.0129488325,-0.010950899,-0.012994812,-0.010647317,-0.018688321,-0.013255844,-0.01561843,-0.014557529,-0.012066318,-0.012068222,-0.018565286,-0.014102821,-0.016457284,-0.020719979,-0.017769193,-0.02202139,-0.020085724,-0.024827538,-0.018387094,-0.026745953,-0.023339389,-0.021452956,-0.02275518,-0.024977447,-0.02561434,-0.022765467,-0.027353365,-0.026980575,-0.029056689,-0.029898403
52,-0.007967908,0.03796415,0.007992826,0.017669074,-0.001677406,0.0028550243,0.008869486,-0.006720059,-0.00764239,0.0031647095,-0.004722344,-0.010855056,-0.0047457246,-0.0034806826,-0.0071767117,0.000383968,-0.005718996,-0.005153849,-0.0054645063,0.003955678,-0.0027267449,-0.00861826,-0.0006656302,-0.00279407,-0.0017733724,-0.0036611576,-0.002107365,-0.0014367625,-0.0024503183,-0.00047949376,-0.0050285133,-0.006862291,-0.004905138,-0.0030126101,-0.009808559,-0.011952944,-0.013350898,-0.009921279,-0.011892554,-0.0113719925,-0.01834379,-0.021172313,-0.01700461,-0.014755182,-0.0098132845,-0.01154864,-0.013222206,-0.011179006,-0.016764367,-0.021236863,-0.019062959,-0.023267353,-0.022113714,-0.017581826,-0.020709006,-0.016403161,-0.019219797,-0.011094104,-0.014411344,-0.024693623,-0.01932633,-0.017612703,-0.012135601,-0.019323826,-0.024045084,-0.013489122,-0.015878115,-0.013000588,-0.018323682,-0.016002553,-0.011318659,-0.016560495,-0.019033559,-0.015077565,-0.018924855,-0.016874287,-0.01394795,-0.00836982,-0.0048753023,-0.012077134,-0.004123915,-0.016699411,-0.012669742,-0.013515959,-0.022659115,-0.017203875,-0.015487781,-0.018372007,-0.01072466,-0.00757643,-0.013332584,-0.010992767,-0.017527506,-0.017979756,-0.018925646,-0.014268248,-0.01199992,-0.0092028715,-0.020584922,-0.014685404,-0.015449865,-0.016580213,-0.019292431,-0.028265815,-0.01941785,-0.027189821,-0.020284703,-0.02823589,-0.02588244,-0.026979413,-0.025912605,-0.026581015,-0.03328948,-0.022289302,-0.028296588,-0.02291726,-0.032535497,-0.033693425
53,-0.030173061,0.03870839,0.010716997,0.02898022,-0.012376434,0.005196454,0.015258554,-0.007819369,-0.018168777,0.015346326,0.004794687,-0.029550718,-0.025800176,-0.007514447,-0.024418203,-0.0013271719,-0.026695382,-0.016285485,-0.023337975,0.020386849,0.005645885,-0.008759435,0.010622462,-0.011684172,-0.008038921,0.0007451959,0.013585193,0.011813289,-0.0032177605,0.0042751464,-0.009946243,-0.020201225,-0.0015957835,-0.0013345224,-0.015495644,-0.024713434,-0.022530176,-0.0004333537,-0.006757141,-0.0072097993,-0.039480448,-0.042678006,-0.017233664,-0.013108289,-0.0044462634,-0.0070579266,-0.002317627,-0.0029116077,-0.011488156,-0.023231376,-0.02631044,-0.044455122,-0.034020774,-0.024587868,-0.041529264,-0.009931412,-0.037511088,-0.0024835058,-0.016956756,-0.04507161,-0.025488123,-0.015946433,-0.007387545,-0.022598293,-0.035022777,-0.020440996,-0.034751587,-0.015700357,-0.025695585,-0.017973095,0.0037362128,-0.027471405,-0.026771557,-0.023140676,-0.03204961,-0.036204208,-0.02223127,0.0025056386,-0.0041628405,-0.012288384,0.016910095,-0.024592046,-0.011197728,-0.026824841,-0.045463067,-0.023908269,-0.020227952,-0.042427994,-0.0031098388,0.004649371,-0.013964181,-0.010244006,-0.015485754,-0.032143258,-0.030031152,-0.012247597,-0.010859522,0.0019110013,-0.027277928,-0.015272225,-0.010579535,-0.0033127498,-0.022460675,-0.048449915,-0.017348876,-0.036198106,-0.02488382,-0.034229893,-0.033744916,-0.042810023,-0.035442486,-0.030785792,-0.05727399,-0.019416649,-0.030476093,-0.00893759,-0.043343924,-0.045748696
54,0.0041438444,0.03873515,0.0057153166,0.010820987,0.0033976221,0.0020586988,0.0053644604,-0.0064516976,-0.0019045888,-0.003310903,-0.010228328,-0.0006709816,0.007949589,-0.00041239162,0.0027188568,0.0017611957,0.0053288327,0.00023118593,0.0056298664,-0.0052762902,-0.008128755,-0.009544274,-0.00678855,0.002729557,0.0026074732,-0.006221951,-0.011293355,-0.009109829,-0.0021031592,-0.0031129085,-0.0024787053,0.0009853346,-0.0074835867,-0.0032146052,-0.006459482,-0.004134673,-0.0087837605,-0.015892182,-0.014986716,-0.014060231,-0.006352856,-0.009439561,-0.01777069,-0.016209941,-0.0121904705,-0.01396649,-0.01903821,-0.015490334,-0.020716252,-0.021247108,-0.014898435,-0.010987696,-0.0155789405,-0.012974451,-0.008250853,-0.020622062,-0.008217994,-0.014961935,-0.012694678,-0.013472956,-0.016331632,-0.018645905,-0.014066902,-0.017623741,-0.01895325,-0.008786379,-0.0048723025,-0.011370774,-0.014579853,-0.015495468,-0.020254845,-0.010278726,-0.015655197,-0.010966999,-0.0121706,-0.0056358743,-0.009655815,-0.014472887,-0.0040934975,-0.012155401,-0.015502428,-0.0127841355,-0.013697244,-0.005715096,-0.010878628,-0.013804153,-0.012828434,-0.003951597,-0.014698554,-0.013482873,-0.012687437,-0.010223365,-0.019739116,-0.009519726,-0.01307158,-0.014712872,-0.012013091,-0.014126878,-0.017045025,-0.013529305,-0.017072974,-0.023957051,-0.016444564,-0.017156903,-0.020596761,-0.023115829,-0.016738117,-0.025721205,-0.02136007,-0.016968496,-0.020240918,-0.023619609,-0.019547185,-0.022972886,-0.02652815,-0.03007023,-0.026314754,-0.026944265
55,-0.019294078,0.03794827,0.009645747,0.02363056,-0.0069312872,0.003854985,0.012153583,-0.0071886303,-0.013051317,0.009383265,0.00027078204,-0.020417392,-0.015860349,-0.005846971,-0.01614152,-0.00063069677,-0.016301002,-0.0106252525,-0.0150652835,0.012394338,0.0017927894,-0.008424865,0.0050603077,-0.007582347,-0.005310786,-0.0013638022,0.0060838554,0.0055221673,-0.0028112952,0.0019940431,-0.0074901152,-0.013855859,-0.0029683264,-0.0023511383,-0.012798753,-0.018736802,-0.017921008,-0.0048592538,-0.00920783,-0.009055857,-0.029260186,-0.03214741,-0.016886512,-0.013746427,-0.0072576683,-0.00924854,-0.00769006,-0.006948108,-0.01376507,-0.021943202,-0.02289629,-0.0343451,-0.028231995,-0.021486346,-0.031692352,-0.012823323,-0.028902587,-0.006921204,-0.015757443,-0.03514526,-0.022336889,-0.016730562,-0.009872402,-0.020997476,-0.029372757,-0.017255291,-0.025753075,-0.014467227,-0.022023894,-0.016812488,-0.0034284033,-0.022228723,-0.022767108,-0.019014487,-0.025491878,-0.026952714,-0.01814831,-0.0027330378,-0.004801862,-0.012093062,0.0065713245,-0.020687979,-0.011814272,-0.02047498,-0.034072977,-0.020528883,-0.017920747,-0.031068958,-0.0069883578,-0.0016092956,-0.013749908,-0.01099892,-0.016119318,-0.025520895,-0.024526088,-0.01348553,-0.011575876,-0.0038629435,-0.02403897,-0.015244346,-0.01323749,-0.009755135,-0.021294631,-0.03861522,-0.018323094,-0.03154469,-0.022906447,-0.031108147,-0.03002968,-0.035508092,-0.030948076,-0.02890547,-0.045736816,-0.021017317,-0.029581247,-0.015918266,-0.038164407,-0.039935548
56,-0.0026347656,0.03821699,0.0070474423,0.0147139225,0.00063193217,0.0024761749,0.007320745,-0.0065730447,-0.005102602,0.00028276443,-0.0071351477,-0.0063587725,0.0007478278,-0.0021874064,-0.0028525474,0.0009577689,-0.0008192528,-0.0027232654,-0.00066678645,-8.4399246e-05,-0.005034389,-0.008929604,-0.0033600838,-0.0004032483,9.038707e-05,-0.0047771153,-0.0061033973,-0.004798118,-0.00229648,-0.0016479669,-0.0038986087,-0.0034494791,-0.0059824646,-0.0031684353,-0.008349899,-0.008574837,-0.011296265,-0.01248164,-0.013223362,-0.012539105,-0.01310066,-0.016002594,-0.017259356,-0.01535039,-0.010903781,-0.012621995,-0.01579568,-0.013115852,-0.01841089,-0.021144487,-0.01722521,-0.017903369,-0.019228812,-0.015592906,-0.015306421,-0.018221645,-0.014445905,-0.0128742065,-0.013698422,-0.019752007,-0.017983321,-0.018054884,-0.013054011,-0.018560905,-0.021729108,-0.01150714,-0.0110815745,-0.012285106,-0.01664491,-0.015740095,-0.015191833,-0.013820032,-0.017464396,-0.013267931,-0.015914112,-0.011977867,-0.012025131,-0.011052286,-0.0046454,-0.012102434,-0.009142764,-0.014918834,-0.013112103,-0.010124892,-0.01741995,-0.015687702,-0.014326427,-0.012117468,-0.012464952,-0.010232545,-0.013073617,-0.010742347,-0.0184182,-0.014286354,-0.016331159,-0.014504222,-0.012065389,-0.011470358,-0.01899561,-0.014244432,-0.01626129,-0.0198221,-0.01811704,-0.023373585,-0.019941924,-0.02532238,-0.018820198,-0.027051318,-0.02389024,-0.022673286,-0.023445876,-0.025338693,-0.027287781,-0.022683652,-0.027568953,-0.026110576,-0.029814865,-0.030720606
57,-0.008833196,0.03793568,0.0081386175,0.01814587,-0.0020570988,0.0029231666,0.009119565,-0.006745606,-0.008049708,0.0036300486,-0.00433575,-0.011582756,-0.00562762,-0.0036811829,-0.007874604,0.0002946647,-0.0065169493,-0.005554907,-0.0062273983,0.0046111634,-0.0023590578,-0.008572929,-0.0002265498,-0.0031731224,-0.0020631074,-0.0034830836,-0.0014621057,-0.0009000562,-0.0024745848,-0.00029200874,-0.005211974,-0.007410013,-0.0047371704,-0.0029837524,-0.01004223,-0.012494794,-0.013686132,-0.009508958,-0.011677429,-0.011189474,-0.019192403,-0.022010954,-0.016967379,-0.014663424,-0.00963201,-0.011373369,-0.012805032,-0.010868095,-0.01650432,-0.021259364,-0.019355686,-0.02412779,-0.022579059,-0.017891578,-0.021575851,-0.016118582,-0.01998394,-0.010800581,-0.014527814,-0.025491653,-0.019549292,-0.017542042,-0.011983834,-0.01944774,-0.024428558,-0.013807755,-0.016648713,-0.013114198,-0.018598132,-0.016051497,-0.010693116,-0.01700157,-0.019291554,-0.015379183,-0.01941898,-0.017662931,-0.0142576005,-0.007939609,-0.004907978,-0.012076723,-0.0033084508,-0.016986618,-0.012602754,-0.014061725,-0.023516702,-0.017453618,-0.015676696,-0.019374512,-0.010434625,-0.007136481,-0.013372194,-0.01102173,-0.017394697,-0.01856665,-0.019350652,-0.014221984,-0.01198666,-0.008826752,-0.020837568,-0.014749719,-0.0153129175,-0.01605707,-0.019470407,-0.029056557,-0.019334394,-0.027499136,-0.02051712,-0.028431876,-0.026200455,-0.027665172,-0.02630701,-0.026778389,-0.03425683,-0.022223087,-0.0284094,-0.02239627,-0.032974992,-0.03417313
58,-0.016338697,0.0378765,0.009267642,0.02212543,-0.005508666,0.0035667305,0.011297328,-0.0070417607,-0.011633457,0.0077439323,-0.0010129195,-0.017919643,-0.013044375,-0.005285987,-0.013837025,-0.00039712375,-0.01351376,-0.009153349,-0.012646425,0.010216483,0.00067032594,-0.0084036235,0.0035673203,-0.006374285,-0.00444676,-0.00195445,0.003994379,0.0037298976,-0.002709182,0.0013496312,-0.0068364106,-0.012068042,-0.0034205955,-0.0025748336,-0.012034063,-0.01702757,-0.01669663,-0.0061194533,-0.00988626,-0.009637476,-0.026447332,-0.029284922,-0.016851028,-0.013971621,-0.007960794,-0.009849422,-0.0091452785,-0.008072541,-0.014471692,-0.021681488,-0.021905262,-0.031499207,-0.026635472,-0.020510767,-0.02890033,-0.013718788,-0.026444275,-0.008070208,-0.0154333385,-0.03242237,-0.021529451,-0.016952721,-0.010510866,-0.020553142,-0.027921777,-0.016342966,-0.023222279,-0.014092752,-0.021039236,-0.01656419,-0.005432971,-0.020771585,-0.021730117,-0.0179768,-0.023756526,-0.024371866,-0.017031683,-0.00419827,-0.004908978,-0.012080325,0.0037759673,-0.01961391,-0.012027589,-0.018695721,-0.031054495,-0.019647598,-0.017291702,-0.027843812,-0.0079649165,-0.0032124668,-0.013660806,-0.011074869,-0.016416894,-0.023595035,-0.023054585,-0.013730947,-0.011730777,-0.00533533,-0.023121253,-0.015154685,-0.013890388,-0.011528392,-0.020843776,-0.03591944,-0.018605832,-0.030350097,-0.02229807,-0.030304816,-0.028959239,-0.03337489,-0.029663488,-0.028346594,-0.042533215,-0.021417646,-0.029283628,-0.017777452,-0.036720745,-0.03831882
59,-0.007558413,0.037978455,0.007923717,0.017445128,-0.0014965348,0.002824197,0.008750567,-0.0067073195,-0.007447415,0.0029424112,-0.004906417,-0.010509614,-0.004329265,-0.003384964,-0.0068467217,0.00042607915,-0.005341199,-0.004964086,-0.005101769,0.0036468767,-0.0029002316,-0.0086376,-0.00087246764,-0.002613342,-0.0016344826,-0.003745983,-0.002411466,-0.0016930727,-0.0024384195,-0.0005692919,-0.004941335,-0.006602682,-0.0049844743,-0.0030277008,-0.009697564,-0.011697213,-0.013191232,-0.010114377,-0.011993278,-0.011460216,-0.017943252,-0.02077541,-0.017020047,-0.014798387,-0.009899226,-0.011631458,-0.013420259,-0.011328921,-0.016886007,-0.021224743,-0.018922389,-0.022858532,-0.021892238,-0.017432172,-0.020298803,-0.016540049,-0.018857684,-0.011234602,-0.014358352,-0.024314674,-0.019221649,-0.01764594,-0.012209193,-0.019264491,-0.023863215,-0.013341246,-0.01551291,-0.012946046,-0.018193271,-0.015979897,-0.01161297,-0.016351584,-0.018909195,-0.014937857,-0.01869179,-0.01650136,-0.01379928,-0.008575065,-0.004863165,-0.012078415,-0.0045095924,-0.016560555,-0.012702853,-0.013258031,-0.022254048,-0.017086364,-0.01539888,-0.017897425,-0.010858549,-0.0077834763,-0.013313935,-0.010978626,-0.017591175,-0.01769903,-0.018725352,-0.014289042,-0.0120078,-0.009382027,-0.020462157,-0.014655256,-0.015516874,-0.016828459,-0.019206978,-0.0278906,-0.01945797,-0.027042598,-0.02017701,-0.028141385,-0.025730155,-0.026654601,-0.025725244,-0.026488751,-0.03283153,-0.022323882,-0.028243294,-0.023164473,-0.032327875,-0.033465695
60,-0.01645088,0.037878655,0.009283779,0.022181813,-0.005563532,0.0035801732,0.011330398,-0.007048185,-0.011690399,0.0078071738,-0.0009631524,-0.018015081,-0.013152047,-0.0053071845,-0.013925528,-0.0004064961,-0.013623222,-0.009209618,-0.012739739,0.01030144,0.00071159005,-0.0084065925,0.0036259964,-0.0064218943,-0.0044812714,-0.0019304259,0.0040741563,0.003799961,-0.002714401,0.0013737301,-0.0068621957,-0.012135028,-0.0034027705,-0.0025636218,-0.012062687,-0.017092478,-0.016746217,-0.0060722996,-0.009860104,-0.009616695,-0.026554877,-0.0293951,-0.016852409,-0.01396315,-0.007931916,-0.009827314,-0.009087376,-0.0080282,-0.014446462,-0.021691458,-0.021943811,-0.03160842,-0.02669654,-0.020548178,-0.029004864,-0.013684456,-0.026540132,-0.008025375,-0.015445609,-0.03252739,-0.021560097,-0.016942402,-0.010484622,-0.020567412,-0.027976606,-0.016377322,-0.023320233,-0.014107019,-0.02107551,-0.01657205,-0.005358042,-0.020827102,-0.021770945,-0.018016946,-0.023822874,-0.024469942,-0.017076962,-0.0041408893,-0.004904333,-0.012081376,0.0038838275,-0.0196561,-0.012019293,-0.0187648,-0.03117131,-0.01968117,-0.017314259,-0.027967483,-0.007926991,-0.00314915,-0.013662773,-0.0110717695,-0.016406382,-0.023669843,-0.023109348,-0.013722239,-0.011725064,-0.005277043,-0.023157867,-0.015158151,-0.013863428,-0.011459256,-0.020861225,-0.036023382,-0.018593993,-0.030395832,-0.02232007,-0.030337214,-0.029000986,-0.03345432,-0.02971404,-0.028367825,-0.042654794,-0.021401562,-0.02929342,-0.01770411,-0.03677616,-0.038381554
