,snps,chr,pos
0,AX-91457211,1,20349782
1,AX-90661468,1,42645026
2,AX-90662525,1,46329048
3,AX-91473635,1,111501888
4,AX-91437247,1,120674265
5,AX-91476701,1,126159020
6,AX-90699092,1,191328107
7,AX-91496372,1,235633748
8,AX-91499987,1,255989367
9,AX-90716538,1,257868178
10,AX-90720927,1,274561463
11,AX-91503572,1,276417901
12,AX-91509560,2,1901744
13,AX-90734927,2,18546493
14,AX-90737503,2,27732976
15,AX-91516095,2,38892536
16,AX-90741445,2,42668036
17,AX-90742387,2,46383849
18,AX-90754776,2,94434688
19,AX-91526692,2,96474422
20,AX-90755544,2,98317084
21,AX-90755951,2,100148847
22,AX-91532559,2,127807307
23,AX-90765386,2,137106296
24,AX-91535338,2,142628789
25,AX-91537883,2,155765154
26,AX-90775920,2,178006055
27,AX-91547708,2,211142198
28,AX-91555713,3,11139362
29,AX-91558764,3,27917532
30,AX-91559390,3,31588566
31,AX-91562545,3,48587260
32,AX-91565331,3,63404310
33,AX-90819779,3,86073718
34,AX-90819282,3,100863593
35,AX-90834556,3,158988768
36,AX-90836963,3,170090542
37,AX-91199406,3,173742512
38,AX-91586231,3,177610044
39,AX-91590575,3,201802880
40,AX-91837315,3,223938054
41,AX-90859936,4,17278306
42,AX-90861863,4,24720672
43,AX-91608062,4,61758912
44,AX-90885525,4,117768598
45,AX-91851323,4,134424855
46,AX-91423206,4,141793279
47,AX-91624359,4,149170714
48,AX-90899796,4,171683216
49,AX-91631750,4,191961013
50,AX-91639330,4,232626338
51,AX-91416089,5,5504076
52,AX-91647232,5,29969073
53,AX-91649393,5,40976962
54,AX-91650702,5,48332816
55,AX-91655453,5,76104795
56,AX-90944177,5,90949600
57,AX-90946111,5,98322258
58,AX-91660547,5,103797671
59,AX-90948606,5,107590757
60,AX-91661683,5,109429745
61,AX-90604773,5,118768822
62,AX-90951810,5,120592992
63,AX-91669642,5,154047729
64,AX-91672494,5,170743684
65,AX-91672822,5,172636954
66,AX-91449660,5,194995217
67,AX-90646418,5,204344067
68,AX-90979150,6,3906022
69,AX-90573689,6,28514148
70,AX-90985941,6,35976127
71,AX-91688083,6,39644410
72,AX-91697465,6,91398568
73,AX-91702672,6,121212402
74,AX-91007825,6,123034606
75,AX-91008790,6,126706103
76,AX-91012926,6,141421021
77,AX-91370673,6,159734447
78,AX-91370635,6,165215942
79,AX-91020308,6,167042198
80,AX-91713006,7,1985240
81,AX-91023144,7,3823183
82,AX-91025016,7,11165525
83,AX-91028521,7,26213063
84,AX-91029419,7,29925251
85,AX-91031881,7,39264718
86,AX-91719929,7,41093434
87,AX-91730605,7,100078345
88,AX-91731646,7,105580641
89,AX-91738242,7,143245730
90,AX-91058822,7,146964309
91,AX-91062799,7,161741778
92,AX-91068720,8,170780
93,AX-91746759,8,7614342
94,AX-91747142,8,9813612
95,AX-91074949,8,24711628
96,AX-91750027,8,26683644
97,AX-91750683,8,30384864
98,AX-91079480,8,43581492
99,AX-91755377,8,55390808
100,AX-90554503,8,94985572
101,AX-90554874,8,117161331
102,AX-91771082,8,143199852
103,AX-91108999,8,157874742
104,AX-91774441,8,161545120
105,AX-91775151,8,165339598
106,AX-91111530,8,167186309
107,AX-91112062,8,169008422
108,AX-91113558,8,174476312
109,AX-91777545,8,178166206
110,AX-91115204,8,180008071
111,AX-90584503,9,18531224
112,AX-91786109,9,44506931
113,AX-91132005,9,67021160
114,AX-91149526,9,131553081
115,AX-91802659,9,133373294
116,AX-91813114,10,33491136
117,AX-91167689,10,42653249
118,AX-91816245,10,50225107
119,AX-91817613,10,57616252
120,AX-91418634,10,63093451
121,AX-91178070,10,79722076
122,AX-91179364,10,85200346
123,AX-91179790,10,87060825
124,AX-91181801,10,94593967
125,AX-91825385,10,98336538
126,AX-91184753,10,105714501
127,AX-91189897,10,126195039
