,snps,chr,pos,test_loss,TN,FP,TP,FN,accuracy
0,AX-91457211,1,20349782,0.690843403339386,12.0,111.0,149.0,8.0,0.575
2,AX-90662525,1,46329048,0.6925148367881775,0.0,128.0,151.0,1.0,0.5392857142857143
5,AX-91476701,1,126159020,0.6940200924873352,70.0,77.0,62.0,71.0,0.4714285714285714
14,AX-90737503,2,27732976,0.6941266059875488,4.0,140.0,135.0,1.0,0.49642857142857144
16,AX-90741445,2,42668036,0.6919719576835632,6.0,133.0,138.0,3.0,0.5142857142857142
22,AX-91532559,2,127807307,0.6923141479492188,151.0,0.0,1.0,128.0,0.5428571428571428
23,AX-90765386,2,137106296,0.6931511759757996,62.0,80.0,82.0,56.0,0.5142857142857142
25,AX-91537883,2,155765154,0.692302405834198,1.0,133.0,144.0,2.0,0.5178571428571429
26,AX-90775920,2,178006055,0.6927700638771057,140.0,5.0,5.0,130.0,0.5178571428571429
27,AX-91547708,2,211142198,0.6925569772720337,120.0,22.0,25.0,113.0,0.5178571428571429
30,AX-91559390,3,31588566,0.6951695084571838,40.0,96.0,101.0,43.0,0.5035714285714286
38,AX-91586231,3,177610044,0.692169725894928,109.0,41.0,41.0,89.0,0.5357142857142857
42,AX-90861863,4,24720672,0.6921621561050415,129.0,17.0,27.0,107.0,0.5571428571428572
44,AX-90885525,4,117768598,0.6924454569816589,147.0,1.0,0.0,132.0,0.525
45,AX-91851323,4,134424855,0.6933992505073547,108.0,21.0,28.0,123.0,0.4857142857142857
47,AX-91624359,4,149170714,0.694350004196167,1.0,140.0,138.0,1.0,0.49642857142857144
48,AX-90899796,4,171683216,0.692936897277832,44.0,107.0,109.0,20.0,0.5464285714285714
50,AX-91639330,4,232626338,0.6939747333526611,63.0,103.0,68.0,46.0,0.46785714285714286
53,AX-91649393,5,40976962,0.6929641366004944,135.0,6.0,4.0,135.0,0.49642857142857144
54,AX-91650702,5,48332816,0.6930350661277771,21.0,105.0,122.0,32.0,0.5107142857142857
61,AX-90604773,5,118768822,0.682600736618042,158.0,3.0,1.0,118.0,0.5678571428571428
62,AX-90951810,5,120592992,0.6858839988708496,157.0,4.0,2.0,117.0,0.5678571428571428
64,AX-91672494,5,170743684,0.6913009881973267,149.0,3.0,2.0,126.0,0.5392857142857143
71,AX-91688083,6,39644410,0.6919659972190857,147.0,3.0,9.0,121.0,0.5571428571428572
77,AX-91370673,6,159734447,0.6940041780471802,124.0,4.0,6.0,146.0,0.4642857142857143
78,AX-91370635,6,165215942,0.693009078502655,2.0,135.0,143.0,0.0,0.5178571428571429
86,AX-91719929,7,41093434,0.6935219168663025,113.0,30.0,23.0,114.0,0.4857142857142857
87,AX-91730605,7,100078345,0.6949317455291748,1.0,143.0,135.0,1.0,0.4857142857142857
90,AX-91058822,7,146964309,0.6912701725959778,110.0,40.0,34.0,96.0,0.5142857142857142
96,AX-91750027,8,26683644,0.6799219250679016,164.0,2.0,0.0,114.0,0.5857142857142857
103,AX-91108999,8,157874742,0.6928380131721497,9.0,124.0,143.0,4.0,0.5428571428571428
105,AX-91775151,8,165339598,0.6922297477722168,41.0,101.0,109.0,29.0,0.5357142857142857
107,AX-91112062,8,169008422,0.6934201121330261,27.0,117.0,113.0,23.0,0.5
117,AX-91167689,10,42653249,0.6887178421020508,117.0,42.0,40.0,81.0,0.5607142857142857
119,AX-91817613,10,57616252,0.6898265480995178,9.0,113.0,143.0,15.0,0.5428571428571428
122,AX-91179364,10,85200346,0.6940554976463318,98.0,47.0,33.0,102.0,0.46785714285714286
123,AX-91179790,10,87060825,0.6875041723251343,156.0,2.0,1.0,121.0,0.5607142857142857
